mmsi,mean_frequency,std_frequency,mean_bandwidth,mean_power,mean_signal_strength,mean_noise_level,mean_snr,mean_lat,mean_lon,nb_signatures,name,flag,type
200698187,158.9,1.6083780650083472,26.45,290.6666666666667,-74.36666666666666,-80.88333333333334,35.666666666666664,-11.77923333333333,-81.08978333333333,6,NAVIRE-8187,USA,Fishing Vessel
201837657,159.26500000000001,1.7577912276490657,22.066666666666666,164.71666666666667,-85.81666666666666,-99.95,34.733333333333334,-25.691983333333337,-35.93328333333333,6,NAVIRE-7657,Marshall Islands,Fishing Vessel
202156040,156.78,0.3900000000000077,31.733333333333334,186.73333333333335,-74.03333333333335,-84.73333333333333,17.400000000000002,-28.2041,20.287166666666668,3,NAVIRE-6040,Malta,Passenger Ship
203295373,158.5225,1.6334294189424445,37.95,80.125,-85.075,-92.15,25.95,-16.789949999999997,-45.778475,4,NAVIRE-5373,Denmark,Bulk Carrier
204111655,158.542,1.8960406113794046,39.839999999999996,271.7,-59.239999999999995,-93.97999999999999,22.52,-6.89216,-55.951260000000005,5,NAVIRE-1655,Bahamas,Bulk Carrier
205804175,159.64666666666668,1.223187093893116,27.266666666666666,181.88333333333333,-62.88333333333333,-78.75,11.0,-13.608250000000004,-28.698783333333328,6,NAVIRE-4175,Marshall Islands,Fishing Vessel
205927097,161.74,,35.8,225.4,-23.9,-70.3,15.3,-73.8226,87.2638,1,NAVIRE-7097,France,Fishing Vessel
206220320,157.28,,47.3,263.2,-48.6,-88.7,15.8,74.6459,-122.2249,1,NAVIRE-0320,Singapore,Fishing Vessel
206352442,161.6966666666667,0.20207259421636165,23.8,323.76666666666665,-86.96666666666665,-95.10000000000001,37.5,-5.1128333333333345,-88.97853333333335,3,NAVIRE-2442,USA,Bulk Carrier
207068046,159.02125,1.9041041200522641,28.8125,203.95,-80.6375,-93.7125,17.6375,-4.866949999999999,-21.871737500000002,8,NAVIRE-8046,France,Bulk Carrier
207618219,158.31,0.9501929628589494,29.975,334.5,-56.8,-86.3,17.325,-31.302925000000002,38.47605,4,NAVIRE-8219,USA,Fishing Vessel
208204205,159.456,1.222121106928448,32.08,168.98,-67.36,-80.3,22.84,-56.25926,-34.5664,5,NAVIRE-4205,Panama,General Cargo
208289492,158.14100000000002,1.59447971312136,34.08,274.15,-67.56,-85.82000000000001,21.3,20.361489999999996,4.779099999999999,10,NAVIRE-9492,USA,Bulk Carrier
208492908,159.3325,1.5486418781198614,27.15,257.975,-60.1,-100.35,36.4,-46.17085,-68.038375,4,NAVIRE-2908,Marshall Islands,Fishing Vessel
208551916,157.35714285714286,1.2332709121912897,34.08571428571428,248.84285714285716,-87.61428571428571,-92.25714285714285,24.12857142857143,-3.7942428571428577,25.103242857142853,7,NAVIRE-1916,China,Bulk Carrier
209428274,160.11777777777777,1.3850972689470034,31.5,296.56666666666666,-85.28888888888889,-90.22222222222223,17.84444444444445,7.245288888888889,38.12947777777778,9,NAVIRE-8274,Singapore,Passenger Ship
209766902,157.5375,1.3606799770702913,37.475,325.025,-81.6,-89.7,27.875,-16.685724999999998,32.024837500000004,8,NAVIRE-6902,Singapore,Tanker
210027019,157.79666666666665,2.1382313563628554,29.900000000000002,293.6333333333333,-35.266666666666666,-112.26666666666667,8.266666666666666,-18.111433333333334,-57.36346666666666,3,NAVIRE-7019,USA,General Cargo
210044819,159.57333333333335,1.7464917215186875,28.166666666666668,330.1333333333334,-69.93333333333334,-81.93333333333334,33.666666666666664,38.510600000000004,-30.861733333333337,3,NAVIRE-4819,Malta,Container Ship
211239944,161.94,,14.5,114.1,-109.0,-98.1,38.5,64.149,-111.2609,1,NAVIRE-9944,Singapore,Tanker
211394760,159.14249999999998,1.5662561518900215,25.55,190.925,-60.275,-102.875,24.35,11.7566,0.5950249999999997,4,NAVIRE-4760,Marshall Islands,Passenger Ship
211548097,158.85999999999999,1.7135635383609182,28.660000000000004,287.64,-65.08,-101.22,26.560000000000002,-3.3207400000000007,-63.07732,5,NAVIRE-8097,China,Passenger Ship
211617904,159.59125,1.9099546554078888,26.200000000000003,251.2625,-67.125,-77.3375,32.475,8.628124999999997,25.218987500000004,8,NAVIRE-7904,Bahamas,Passenger Ship
212186950,158.035,1.4199401395833624,39.300000000000004,294.25,-67.13333333333333,-88.91666666666667,35.28333333333333,-29.271366666666665,-10.4167,6,NAVIRE-6950,Denmark,Fishing Vessel
213287515,160.19,0.5909314681077692,17.666666666666668,242.63333333333333,-86.56666666666666,-91.66666666666667,28.53333333333333,-46.16603333333333,-10.771600000000001,3,NAVIRE-7515,Panama,Passenger Ship
213704539,158.9675,2.019758648947926,41.625,244.475,-65.4,-71.625,20.625,43.9062,29.207175,4,NAVIRE-4539,Malta,Container Ship
213740252,158.425,1.4008211877323815,31.650000000000002,338.575,-38.125,-92.05000000000001,27.125,34.4798,43.522175,4,NAVIRE-0252,Panama,Tanker
214748253,159.38285714285715,1.9762229486718157,28.642857142857142,195.68571428571428,-64.8,-91.62857142857142,30.557142857142857,-7.72482857142857,1.9062142857142865,7,NAVIRE-8253,Denmark,Container Ship
216417532,159.97666666666666,0.9487535682849075,28.433333333333334,361.43333333333334,-96.03333333333335,-77.03333333333333,32.36666666666667,-46.12623333333334,39.78986666666666,3,NAVIRE-7532,China,Passenger Ship
218251125,158.2625,2.367338519660141,31.95,362.425,-46.55,-109.375,33.099999999999994,0.3441250000000018,24.550675,4,NAVIRE-1125,Malta,Fishing Vessel
220627024,159.1275,1.8156426777682129,35.5,401.925,-96.025,-84.45,32.175,41.242825,-50.984475,4,NAVIRE-7024,Singapore,Fishing Vessel
221046878,157.74,1.9811915606523274,23.416666666666668,320.1166666666666,-66.83333333333333,-100.71666666666665,31.566666666666666,-14.641883333333334,9.655049999999996,6,NAVIRE-6878,Panama,Fishing Vessel
221716335,161.29333333333332,1.0793670985041866,30.566666666666666,266.40000000000003,-70.46666666666665,-82.16666666666667,30.433333333333337,28.0108,-79.52813333333334,3,NAVIRE-6335,France,General Cargo
222054856,157.35666666666665,1.4944653447526592,38.1,232.26666666666668,-62.31666666666666,-97.66666666666667,39.1,-28.562849999999997,-25.550916666666666,6,NAVIRE-4856,USA,Passenger Ship
222807422,159.565,0.6010407640085815,30.15,277.1,-73.8,-78.0,22.55,-29.03735,-76.6041,2,NAVIRE-7422,Panama,Bulk Carrier
224255892,158.9625,2.209802027331859,33.775,339.95,-71.625,-109.25,13.875,0.39750000000000085,42.978449999999995,4,NAVIRE-5892,France,Bulk Carrier
224383026,159.18714285714285,0.9263677147100754,30.057142857142857,229.6,-61.871428571428574,-88.57142857142857,20.0,14.060057142857143,-27.80347142857143,7,NAVIRE-3026,USA,General Cargo
224472298,159.45428571428573,2.059230091910219,31.75714285714286,331.8,-61.41428571428571,-102.38571428571429,21.814285714285713,-32.131099999999996,-84.3248,7,NAVIRE-2298,France,Bulk Carrier
224497350,158.438,1.5855976791103015,25.639999999999997,210.48000000000002,-72.67999999999999,-88.82000000000001,23.740000000000002,20.463240000000003,-8.691279999999995,5,NAVIRE-7350,Denmark,Tanker
224756004,160.464,1.403595383292487,32.22,138.92,-67.58,-86.46000000000001,13.9,20.529519999999998,-121.3632,5,NAVIRE-6004,France,Fishing Vessel
225377906,160.05,,15.8,487.1,-111.2,-115.2,1.8,38.8773,-145.2109,1,NAVIRE-7906,Singapore,Container Ship
225857489,160.57999999999998,1.9091883092037005,19.15,351.65,-35.3,-84.35,33.25,-78.01015000000001,-111.04400000000001,2,NAVIRE-7489,China,General Cargo
226103089,159.525,2.0454706059975516,27.95,158.36666666666665,-71.21666666666665,-85.05,18.266666666666666,9.134533333333334,45.97025,6,NAVIRE-3089,Panama,Passenger Ship
226542358,158.262,1.7607867559701842,20.1,378.1,-105.17999999999999,-94.16,25.660000000000004,-32.04688,36.780280000000005,5,NAVIRE-2358,USA,Bulk Carrier
226809877,159.4975,1.1968674390535798,28.3,178.05,-47.675,-83.52499999999999,15.275,16.60125,-28.009025,4,NAVIRE-9877,Denmark,Fishing Vessel
227501683,157.864,1.71529297789037,28.459999999999997,328.92,-80.86,-89.78,32.14,-25.12228,30.018939999999997,5,NAVIRE-1683,Panama,Tanker
229631895,160.9325,1.0566101457017996,26.475,166.6,-50.775,-107.425,28.725,-7.7835,-55.805475,4,NAVIRE-1895,France,Tanker
229818721,158.3,2.180114675882911,33.980000000000004,285.42,-63.260000000000005,-96.02000000000001,25.1,4.30064,88.46912,5,NAVIRE-8721,Panama,Tanker
230810621,157.81625,1.317583692110026,27.5875,261.5,-67.69999999999999,-86.3875,29.475,-3.3751625,19.416924999999996,8,NAVIRE-0621,Malta,Tanker
231663168,156.38,,44.4,114.1,-117.8,-108.2,10.3,7.6209,-25.7887,1,NAVIRE-3168,Marshall Islands,Bulk Carrier
231960753,160.15,2.5079673044120745,32.733333333333334,217.63333333333333,-53.9,-98.5,31.96666666666667,3.717899999999999,-37.40873333333334,3,NAVIRE-0753,Marshall Islands,General Cargo
232381331,159.95499999999998,1.803122292025674,27.05,359.1,-78.7,-79.65,25.1,30.298599999999997,-20.806949999999997,2,NAVIRE-1331,USA,Passenger Ship
232898606,159.61909090909091,1.63170128727935,29.44545454545454,216.71818181818182,-60.13636363636363,-97.95454545454545,31.38181818181818,3.5047363636363644,35.35150909090908,11,NAVIRE-8606,France,General Cargo
232986245,158.39333333333335,1.0451953565402532,28.8,175.76666666666665,-78.73333333333333,-87.5,20.46666666666667,7.943466666666666,-49.07750000000001,3,NAVIRE-6245,France,General Cargo
233953583,159.2725,0.9034148179730794,28.5,168.2,-66.925,-100.85,24.975,-25.875975,-10.546375000000003,4,NAVIRE-3583,Singapore,Bulk Carrier
234821769,157.91333333333333,1.122687252384505,28.066666666666666,204.58333333333334,-58.56666666666666,-93.26666666666667,25.53333333333333,22.181083333333333,-42.901250000000005,6,NAVIRE-1769,Marshall Islands,Container Ship
236109802,159.55625,2.398546807071784,26.325,260.3375,-66.875,-97.0375,15.0,8.6825375,-38.8696875,8,NAVIRE-9802,Liberia,Bulk Carrier
236409764,159.69000000000003,1.944556504707433,23.96666666666667,326.8333333333333,-34.93333333333333,-87.36666666666667,42.63333333333333,-43.926899999999996,80.8207,3,NAVIRE-9764,Marshall Islands,Container Ship
236576735,159.32375,1.8119991918951124,32.5,274.525,-88.6,-86.95,18.612499999999997,13.1807625,-6.398312499999999,8,NAVIRE-6735,Denmark,Fishing Vessel
236700807,160.1925,2.4144892489578997,23.75,96.525,-60.475,-102.35,23.55,23.072375,1.8310000000000048,4,NAVIRE-0807,Singapore,Tanker
236799075,159.3114285714286,1.6445914241479376,30.071428571428573,266.7,-73.07142857142857,-88.54285714285713,28.842857142857145,-17.107542857142857,10.236128571428575,7,NAVIRE-9075,Liberia,Fishing Vessel
237361564,159.64875,1.6247499807662837,35.1125,327.8625,-64.66250000000001,-82.4625,25.6875,-4.783525,-63.998225000000005,8,NAVIRE-1564,Malta,Passenger Ship
238178908,158.40666666666667,1.4770691701248662,32.36666666666667,137.9,-65.43333333333334,-88.0,8.533333333333333,5.865266666666666,55.389399999999995,3,NAVIRE-8908,Marshall Islands,Bulk Carrier
239547546,158.78166666666667,1.7722236502954807,23.883333333333336,136.96666666666667,-67.18333333333334,-93.64999999999999,16.483333333333334,-18.856983333333332,-36.38548333333333,6,NAVIRE-7546,Liberia,General Cargo
239574544,158.29000000000002,1.2155862783036067,26.439999999999998,224.98000000000002,-68.7,-94.34,17.5,-52.25596,-5.754680000000001,5,NAVIRE-4544,China,Passenger Ship
240011469,159.03666666666666,2.51068649310635,38.733333333333334,236.0666666666667,-71.71666666666665,-87.55,29.05,3.3785666666666665,14.080300000000003,6,NAVIRE-1469,Liberia,Passenger Ship
242221601,159.29,0.6646803743153531,33.7,179.9,-65.05,-92.65,22.65,62.54365,-17.7359,2,NAVIRE-1601,Denmark,Fishing Vessel
242442486,157.2425,1.8825758063532743,23.075,294.75,-55.45,-89.725,29.5,-0.7545750000000013,10.573700000000002,4,NAVIRE-2486,France,Container Ship
242569188,158.66533333333334,1.8732548704124055,29.06,237.91333333333333,-59.080000000000005,-90.60666666666665,27.806666666666665,-23.84136,15.826506666666665,15,NAVIRE-9188,Liberia,Container Ship
243740029,158.542,1.0557793330047869,31.6,243.94,-60.56,-95.24,26.28,24.025560000000002,13.229879999999998,5,NAVIRE-0029,USA,Fishing Vessel
244246514,159.4,3.012274887854686,29.7,366.6,-57.55,-93.0,40.5,-38.8148,-63.03965,2,NAVIRE-6514,Bahamas,Tanker
245445168,158.41,0.42883563284783593,37.739999999999995,295.76,-98.4,-90.94,29.5,-13.005380000000002,67.44232000000001,5,NAVIRE-5168,France,Tanker
245472810,159.356,1.9806009189132416,27.78,319.91999999999996,-70.42,-92.84,18.7,-13.1638,31.45036,5,NAVIRE-2810,Panama,Bulk Carrier
245760948,159.22500000000002,1.8314065632731504,28.3,191.1,-100.25,-98.5,29.35,64.6234,-2.5871000000000066,2,NAVIRE-0948,China,Container Ship
245808653,161.05,,30.0,221.7,-86.1,-114.8,16.6,74.8387,155.4364,1,NAVIRE-8653,Malta,Tanker
246056778,158.2475,1.6099131823006738,33.449999999999996,225.26666666666665,-59.13333333333333,-85.61666666666667,30.5,30.10145833333333,50.391391666666664,12,NAVIRE-6778,France,Fishing Vessel
247443252,159.555,1.6800016534383397,35.089999999999996,246.94,-69.61,-83.11,28.360000000000003,-14.40289,-3.3440099999999964,10,NAVIRE-3252,Malta,Tanker
247512338,159.054,1.5923347637981158,29.839999999999996,218.4,-66.8,-83.34,21.14,-12.649899999999999,9.616859999999997,5,NAVIRE-2338,Panama,Passenger Ship
248068308,157.79,0.3535533905932738,24.650000000000002,104.15,-68.05,-78.5,21.700000000000003,29.954449999999998,-10.8957,2,NAVIRE-8308,Marshall Islands,Passenger Ship
248607497,159.152,1.9223215131709843,38.7,236.06,-57.96,-94.82000000000001,22.62,-0.26844000000000107,22.8781,5,NAVIRE-7497,France,Bulk Carrier
249217423,159.61333333333334,1.4419546918448436,25.733333333333334,434.2,-80.46666666666667,-104.06666666666666,18.866666666666667,-15.66046666666667,-7.900799999999999,3,NAVIRE-7423,Denmark,Fishing Vessel
249354554,158.298,1.8503432114070104,30.759999999999998,412.84,-79.84,-84.46000000000001,19.119999999999997,23.425720000000002,26.123220000000003,5,NAVIRE-4554,France,Bulk Carrier
249938716,159.25,1.7029582104874668,25.200000000000003,305.0,-59.175,-99.35,15.65,18.363149999999997,-46.38080000000001,4,NAVIRE-8716,Panama,Container Ship
249974230,158.54333333333332,1.4336085007188564,17.466666666666665,191.79999999999998,-46.63333333333333,-94.26666666666667,34.733333333333334,-58.37003333333333,68.7559,3,NAVIRE-4230,Panama,Container Ship
250320883,159.25,1.5504837954651487,27.650000000000002,252.28333333333333,-64.61666666666666,-77.68333333333334,17.516666666666666,12.864983333333335,1.6165666666666685,6,NAVIRE-0883,Marshall Islands,General Cargo
251261537,160.20999999999998,0.2545584412271366,13.0,349.4,-79.4,-87.35,24.85,-8.44845,76.5181,2,NAVIRE-1537,Malta,Passenger Ship
251603728,157.8075,1.6876290074144489,39.1,208.675,-71.025,-98.375,4.975,-14.616900000000001,5.112725000000001,4,NAVIRE-3728,China,Fishing Vessel
252620067,159.79222222222222,1.442651879160198,21.866666666666667,375.0222222222222,-63.86666666666666,-98.85555555555555,27.166666666666668,-31.050588888888893,41.92897777777778,9,NAVIRE-0067,Malta,Passenger Ship
252789184,158.555,1.7324116139070334,26.049999999999997,375.20000000000005,-87.4,-77.35,32.55,-41.807249999999996,87.4151,2,NAVIRE-9184,USA,Fishing Vessel
253462026,159.165,2.065034301571444,24.475,248.175,-95.6,-93.35,27.0,40.71585,-92.16495,4,NAVIRE-2026,China,Container Ship
254059131,158.5175,1.2238434773870719,37.05,144.125,-83.4875,-95.1875,31.4125,-30.4885875,50.798475,8,NAVIRE-9131,China,Fishing Vessel
254445689,159.06400000000002,1.4008497421208366,30.0,323.98,-45.8,-95.2,21.880000000000003,16.63118,-61.2943,5,NAVIRE-5689,Denmark,General Cargo
254528621,157.98,0.7030789429359985,28.683333333333334,237.36666666666667,-60.76666666666667,-89.03333333333335,33.550000000000004,-2.064600000000001,-5.796216666666666,6,NAVIRE-8621,USA,Passenger Ship
255660986,158.94,,35.3,138.2,-77.8,-79.3,20.5,81.3633,-17.4478,1,NAVIRE-0986,Singapore,General Cargo
256138286,158.75333333333333,1.5878392026062662,38.766666666666666,245.4333333333333,-46.76666666666667,-106.56666666666666,28.2,-13.9821,-14.3628,3,NAVIRE-8286,Bahamas,Tanker
256362827,159.035,0.5161879502661926,40.400000000000006,403.29999999999995,-67.0,-85.95,23.8,11.83485,11.4437,2,NAVIRE-2827,USA,Bulk Carrier
258157843,159.235,0.1909188309203851,17.6,253.05,-63.9,-96.15,36.25,-57.372150000000005,45.4754,2,NAVIRE-7843,Liberia,Passenger Ship
258846593,158.53375,2.068235531627311,26.2875,240.875,-54.574999999999996,-93.55,26.4625,-12.797537499999999,-16.157649999999997,8,NAVIRE-6593,China,Tanker
258954341,160.02,1.5912573644762897,26.899999999999995,257.73333333333335,-90.76666666666667,-76.2,12.1,-51.74863333333334,66.9002,3,NAVIRE-4341,France,Bulk Carrier
259203883,158.659,1.4783883867990328,31.02,292.11,-66.11,-96.1,26.110000000000003,10.735409999999998,22.57802,10,NAVIRE-3883,Malta,Passenger Ship
260273820,159.87166666666667,2.0249386821992026,31.366666666666664,260.71666666666664,-73.71666666666667,-86.63333333333333,34.81666666666667,24.000133333333338,-14.416316666666667,6,NAVIRE-3820,Bahamas,Bulk Carrier
260362728,159.35333333333332,2.546710296310385,34.666666666666664,233.33333333333334,-67.0,-74.16666666666667,13.733333333333333,-0.0576666666666649,9.404666666666666,3,NAVIRE-2728,Panama,Container Ship
260490181,158.74666666666667,1.4756377152494584,35.516666666666666,152.23333333333332,-72.83333333333333,-96.98333333333333,25.166666666666668,10.8829,-41.94531666666667,6,NAVIRE-0181,Panama,Fishing Vessel
260690058,158.85666666666665,2.154833326887875,25.46666666666667,150.9,-69.7,-89.51666666666667,20.983333333333334,19.876316666666668,34.807583333333326,6,NAVIRE-0058,France,Passenger Ship
260756426,158.85,0.5534256951027734,29.349999999999998,166.5,-59.083333333333336,-86.51666666666667,30.766666666666666,14.957483333333334,42.301500000000004,6,NAVIRE-6426,Singapore,Container Ship
260984664,159.07333333333332,0.8132855177201541,18.533333333333335,230.63333333333333,-32.666666666666664,-89.93333333333334,28.766666666666666,42.87866666666667,-81.88893333333333,3,NAVIRE-4664,Panama,Fishing Vessel
263371036,158.7625,1.3841092201605187,27.575000000000003,63.45,-64.325,-96.575,24.525,35.39015,52.51865,4,NAVIRE-1036,Bahamas,Fishing Vessel
264651594,158.81571428571428,1.739395078208298,28.957142857142856,149.18571428571428,-57.25714285714286,-86.34285714285714,18.75714285714286,-3.5045857142857133,28.00041428571429,7,NAVIRE-1594,Malta,Container Ship
266304575,158.898,2.3982222582571437,21.9,227.98000000000002,-81.66,-89.06,15.64,7.65346,52.80445999999999,5,NAVIRE-4575,Panama,General Cargo
266578761,160.2125,1.9843785761122694,31.225,333.3,-49.275,-86.65,21.425,-47.794875,-42.8179,4,NAVIRE-8761,France,Fishing Vessel
267514528,158.44,1.4986327101728334,22.433333333333334,333.7,-89.89999999999999,-77.39999999999999,16.233333333333334,-55.6832,-96.38190000000002,3,NAVIRE-4528,Marshall Islands,General Cargo
269833961,158.5,1.059716943339115,37.325,293.8,-37.1,-81.425,38.8,-6.521699999999999,-103.004225,4,NAVIRE-3961,France,General Cargo
270127453,159.03777777777776,2.2427872044499524,25.200000000000003,211.27777777777777,-71.25555555555555,-93.1,27.811111111111114,-4.199966666666665,-41.15001111111111,9,NAVIRE-7453,China,General Cargo
270308779,158.31285714285715,1.9008920211812244,28.900000000000002,312.5142857142857,-88.94285714285715,-90.97142857142856,20.214285714285715,-8.176885714285714,-95.26488571428571,7,NAVIRE-8779,China,General Cargo
270851441,157.54,1.7007057358638036,33.800000000000004,290.06666666666666,-58.43333333333334,-80.73333333333333,17.400000000000002,4.716066666666667,55.07416666666668,3,NAVIRE-1441,Marshall Islands,General Cargo
271063396,158.41666666666666,1.9461723116586178,36.6,360.7833333333333,-57.03333333333333,-77.98333333333333,22.366666666666664,9.48785,20.537166666666664,6,NAVIRE-3396,Singapore,Bulk Carrier
272130864,161.14333333333335,0.5312563725107986,38.93333333333333,320.96666666666664,-57.300000000000004,-82.60000000000001,31.5,45.91693333333333,76.5802,3,NAVIRE-0864,Singapore,Tanker
272132718,160.07285714285715,1.6321429092424817,27.157142857142855,152.04285714285714,-57.214285714285715,-76.64285714285714,19.728571428571428,-6.448414285714286,-47.201771428571426,7,NAVIRE-2718,Liberia,General Cargo
272481430,159.13000000000002,1.966176492586559,31.76,99.36,-71.06,-77.56,24.64,15.039760000000001,-31.229060000000004,5,NAVIRE-1430,Marshall Islands,Fishing Vessel
272653360,158.55599999999998,2.161476347314501,25.0,187.28,-70.22,-83.17999999999999,23.6,38.722699999999996,29.937499999999993,5,NAVIRE-3360,Marshall Islands,Tanker
272658165,159.92666666666668,1.7412256219877635,28.916666666666668,307.6666666666667,-88.33333333333333,-86.08333333333333,25.866666666666664,29.245783333333332,-19.181816666666666,6,NAVIRE-8165,China,Container Ship
272713588,158.718,1.4787900459497199,25.72,301.4,-87.56,-86.47999999999999,27.3,3.1641199999999996,23.849580000000003,5,NAVIRE-3588,Singapore,Fishing Vessel
273148379,159.445,1.5478264329913267,34.45,227.15,-42.0,-87.1,30.45,15.032050000000002,16.7809,4,NAVIRE-8379,Panama,Passenger Ship
273564660,157.57333333333335,0.4631774318048412,32.9,124.90000000000002,-64.86666666666666,-94.39999999999999,34.86666666666667,4.436766666666664,-44.53933333333333,3,NAVIRE-4660,France,Bulk Carrier
273664882,158.645,1.9631479821959457,32.0,222.71666666666667,-52.35,-93.61666666666667,22.96666666666667,3.7613000000000008,19.399783333333332,6,NAVIRE-4882,Bahamas,Bulk Carrier
274434905,158.428,1.430513893675963,25.98,246.26,-92.28,-76.62,23.82,15.564400000000001,-8.56656,5,NAVIRE-4905,Liberia,Tanker
274778707,159.2525,1.648158062808303,29.65,182.14999999999998,-66.775,-82.05,22.0,-6.594525000000001,81.3306,4,NAVIRE-8707,Malta,Fishing Vessel
274897537,159.57333333333335,2.556760971750524,27.5,217.58333333333334,-82.39999999999999,-86.85000000000001,18.983333333333334,25.202266666666663,-1.6237499999999987,6,NAVIRE-7537,Malta,Fishing Vessel
275200104,159.22500000000002,1.209152595828992,25.95,216.10000000000002,-64.80000000000001,-62.85,12.05,-36.437,107.69725,2,NAVIRE-0104,Bahamas,Container Ship
275369472,159.23142857142855,1.874579317886449,36.01428571428571,220.77142857142857,-72.27142857142857,-91.04285714285713,24.814285714285713,6.738028571428572,-26.031399999999998,7,NAVIRE-9472,China,Tanker
275509216,158.5725,1.7357491178162852,38.7,299.425,-88.75,-91.9,24.3,21.3877,-43.433125000000004,4,NAVIRE-9216,Marshall Islands,Container Ship
275630215,158.269,1.7527023579477363,28.1,262.39,-75.75,-90.45,27.48,0.28319999999999934,2.3925000000000054,10,NAVIRE-0215,Panama,Fishing Vessel
277439544,159.63857142857142,1.732516749042931,30.957142857142856,352.59999999999997,-89.94285714285715,-85.82857142857142,28.142857142857142,-7.606928571428571,6.697871428571426,7,NAVIRE-9544,Singapore,Bulk Carrier
278144112,159.61399999999998,2.3464292020003543,32.4,220.8,-76.4,-87.36,32.980000000000004,6.815440000000001,51.857479999999995,5,NAVIRE-4112,Liberia,Passenger Ship
279762531,159.7475,0.9429872745694946,28.4,117.025,-75.75,-102.275,23.275000000000002,12.885925,-77.51554999999999,4,NAVIRE-2531,Bahamas,Bulk Carrier
279944509,158.493,1.953356370740141,27.380000000000003,241.47999999999996,-72.61,-86.55,32.05,11.14264,-11.848539999999998,10,NAVIRE-4509,France,Tanker
280901691,157.315,0.5868986283848232,18.7,210.55,-49.65,-91.25,34.5,23.35065,-7.53994999999999,2,NAVIRE-1691,France,Passenger Ship
281753993,158.975,2.33287590754416,27.100000000000005,276.0,-90.28333333333335,-84.3,24.333333333333332,2.6025000000000014,-1.1194666666666724,6,NAVIRE-3993,Marshall Islands,Container Ship
282716427,160.1125,1.188034090419973,37.375,285.125,-58.050000000000004,-93.95,16.85,-30.6729,43.989025,4,NAVIRE-6427,Panama,Container Ship
283205861,159.24333333333334,1.6574780038761652,40.9,197.4333333333333,-54.73333333333333,-71.60000000000001,32.1,46.4744,-108.81076666666667,3,NAVIRE-5861,Denmark,Fishing Vessel
283486500,158.1916666666667,2.0042795879484196,28.316666666666666,167.04999999999998,-58.15,-100.89999999999999,24.166666666666668,5.6812666666666685,12.616166666666667,6,NAVIRE-6500,Panama,Fishing Vessel
284896056,158.14249999999998,0.298817112406008,30.325,320.775,-69.85,-92.725,31.15,15.301200000000001,31.56855,4,NAVIRE-6056,Liberia,General Cargo
285312502,159.0188888888889,1.4979689953771127,34.65555555555555,291.17777777777775,-82.57777777777778,-78.82222222222222,19.211111111111112,1.864611111111112,94.96102222222221,9,NAVIRE-2502,Liberia,Container Ship
285869970,159.30166666666668,2.122134931305416,31.116666666666664,215.23333333333335,-43.51666666666667,-94.7,40.1,-20.7953,-0.7927666666666712,6,NAVIRE-9970,Panama,General Cargo
286026287,159.09714285714287,1.820665759969079,25.428571428571427,257.6714285714286,-76.60000000000001,-97.12857142857142,20.12857142857143,14.522257142857143,71.25162857142857,7,NAVIRE-6287,Marshall Islands,Container Ship
286089776,157.93166666666667,1.4231151276922855,28.88333333333333,224.85000000000002,-74.85000000000001,-93.0,22.96666666666667,-21.322933333333335,-7.786916666666666,6,NAVIRE-9776,Singapore,Bulk Carrier
286169281,160.11777777777777,2.1288011754140967,27.022222222222222,153.7,-70.65555555555555,-91.71111111111111,35.25555555555556,-10.990277777777777,39.699288888888894,9,NAVIRE-9281,Marshall Islands,Bulk Carrier
287106487,159.42666666666665,2.311602618675342,30.71666666666667,192.75,-61.01666666666667,-101.11666666666667,14.6,-8.1359,-34.98711666666667,6,NAVIRE-6487,Singapore,Container Ship
287767589,159.14833333333334,2.2536585071094226,28.849999999999998,225.98333333333335,-81.11666666666666,-91.96666666666665,21.233333333333334,-3.617733333333334,43.64626666666666,6,NAVIRE-7589,Malta,Bulk Carrier
287792665,159.55714285714288,1.2232431522488996,40.371428571428574,238.7428571428571,-70.57142857142857,-91.28571428571429,24.285714285714285,27.75485714285714,41.13655714285715,7,NAVIRE-2665,Malta,Tanker
288065994,159.275,1.4835205874315793,27.525000000000002,289.875,-67.925,-78.8,25.575,-40.875175,8.129874999999997,4,NAVIRE-5994,Malta,General Cargo
288338344,159.47,1.4324570965070205,24.775,229.725,-37.7,-91.75,26.45,-19.806449999999998,43.1246,4,NAVIRE-8344,Panama,Bulk Carrier
288344510,158.495,1.8074675346707827,26.169999999999998,234.14000000000001,-77.14,-88.14,30.47,-17.1226,30.656369999999992,10,NAVIRE-4510,Malta,Tanker
288730213,158.2242857142857,1.322810860035767,35.75714285714286,218.18571428571428,-82.08571428571429,-87.02857142857144,24.37142857142857,4.304457142857143,40.08208571428572,7,NAVIRE-0213,Liberia,General Cargo
288924361,159.08599999999998,1.9087509004582086,36.620000000000005,262.78000000000003,-75.66,-96.82000000000001,22.7,-17.71096,7.251660000000004,5,NAVIRE-4361,Bahamas,Fishing Vessel
289401636,159.744,1.5956412852239397,36.57,266.68,-76.97999999999999,-91.78999999999999,25.580000000000002,-1.95337,-40.576800000000006,10,NAVIRE-1636,Bahamas,Tanker
289775372,160.34857142857143,1.0526067415616094,31.97142857142857,230.35714285714286,-78.31428571428572,-84.38571428571429,21.5,30.08948571428571,-24.827685714285714,7,NAVIRE-5372,Denmark,General Cargo
289890030,158.85,1.6753029576766105,27.766666666666666,261.21666666666664,-76.68333333333334,-89.64999999999999,22.21666666666667,5.426499999999998,14.887833333333333,6,NAVIRE-0030,Singapore,Container Ship
290000334,158.87,1.6737980762326226,28.583333333333332,312.98333333333335,-72.53333333333333,-88.3,33.21666666666667,20.66208333333333,7.160083333333339,6,NAVIRE-0334,France,Passenger Ship
290782162,159.67999999999998,2.028605432310579,32.68333333333333,288.3833333333333,-58.88333333333333,-91.41666666666667,27.483333333333334,18.66468333333333,-72.01853333333334,6,NAVIRE-2162,Panama,General Cargo
291644254,160.00333333333333,1.9110555547480488,20.7,297.23333333333335,-87.86666666666667,-88.53333333333335,32.53333333333333,-7.1569,-84.98790000000001,3,NAVIRE-4254,Malta,Container Ship
292189198,159.745,1.1536897329871647,30.237499999999997,217.7125,-80.8,-86.6375,24.1125,20.9729875,-28.003949999999996,8,NAVIRE-9198,China,Container Ship
293447967,159.51,1.5279725128417743,34.86666666666667,282.8333333333333,-84.03333333333333,-102.03333333333335,14.333333333333334,2.759866666666665,21.475099999999998,3,NAVIRE-7967,Bahamas,Bulk Carrier
294304036,159.8,1.40885296133652,32.6,112.0,-65.8,-85.2,16.675,26.984949999999998,53.2639,4,NAVIRE-4036,Liberia,Fishing Vessel
295701710,158.65666666666667,2.036082840488893,22.933333333333334,330.23333333333335,-65.10000000000001,-76.3,37.800000000000004,-17.205133333333333,78.28299999999999,3,NAVIRE-1710,Marshall Islands,Fishing Vessel
295965871,159.37,2.0903588208726176,32.475,142.2,-65.925,-98.92500000000001,19.2,-19.15205,-0.2539250000000006,4,NAVIRE-5871,China,Bulk Carrier
296114362,159.82666666666668,1.7986198412486336,24.633333333333336,291.0,-86.26666666666667,-100.36666666666667,27.0,66.95383333333332,-81.71543333333334,3,NAVIRE-4362,Singapore,Container Ship
297489083,159.142,1.929499935216382,22.6,326.3,-70.76,-92.88,38.0,37.7209,34.00396,5,NAVIRE-9083,Malta,Passenger Ship
298360481,158.76857142857142,2.1128056273703026,32.9,140.4,-72.31428571428572,-99.22857142857143,26.285714285714285,-35.77058571428571,67.8391,7,NAVIRE-0481,France,Tanker
299479186,159.456,1.382128792840949,26.72,246.58,-83.06,-92.26,30.74,-8.61706,27.812839999999994,5,NAVIRE-9186,Denmark,Tanker
299685327,157.305,1.1184066046538412,26.150000000000002,261.825,-60.650000000000006,-99.5,28.425,-25.141975,73.29095,4,NAVIRE-5327,China,Passenger Ship
300905246,159.43999999999997,1.0001499887516874,30.033333333333335,274.76666666666665,-92.3,-111.46666666666665,32.06666666666667,-20.767366666666664,24.610899999999997,3,NAVIRE-5246,China,Bulk Carrier
301027718,158.2425,1.0349677933797397,26.875,250.4,-56.0,-96.65,28.4,-5.905024999999999,21.056849999999997,4,NAVIRE-7718,Malta,Fishing Vessel
302489810,159.382,2.257026805334846,27.839999999999996,282.52000000000004,-70.82000000000001,-97.34,26.339999999999996,18.1396,-94.8577,5,NAVIRE-9810,Panama,Bulk Carrier
303568824,159.5533333333333,2.1623675296612532,28.066666666666666,289.26666666666665,-54.23333333333333,-107.7,34.733333333333334,25.995433333333335,17.825933333333335,3,NAVIRE-8824,USA,Container Ship
303641269,157.37,,44.6,396.5,-74.9,-77.3,45.2,-49.1937,16.452,1,NAVIRE-1269,Marshall Islands,Passenger Ship
303830441,159.77,2.647394945979926,33.06666666666667,256.5,-76.0,-100.8,26.53333333333333,30.975799999999996,-33.58456666666667,3,NAVIRE-0441,Bahamas,Bulk Carrier
305441760,157.748,1.063517747853783,29.240000000000002,139.2,-95.56,-92.7,25.860000000000003,-0.10671999999999997,20.656299999999998,5,NAVIRE-1760,China,Fishing Vessel
305790946,158.51000000000002,1.3449535307957694,27.2,223.45999999999998,-60.67999999999999,-99.82000000000001,18.720000000000002,-2.0646199999999992,4.258440000000002,5,NAVIRE-0946,USA,Container Ship
305792048,158.63666666666666,2.555901667383439,32.06666666666667,70.33333333333333,-68.0,-75.2,20.833333333333332,-27.098966666666666,14.505866666666671,3,NAVIRE-2048,China,General Cargo
306585349,159.285,2.7335264159445583,27.725,237.5,-65.825,-97.175,18.375,35.7027,-59.173575,4,NAVIRE-5349,Denmark,Passenger Ship
306994240,159.82142857142858,1.5875917671264286,28.171428571428574,328.3285714285715,-82.77142857142857,-101.2,30.099999999999998,16.47625714285714,17.949300000000004,7,NAVIRE-4240,Singapore,Fishing Vessel
307516995,160.82,1.6404877323527856,32.8,343.7,-66.1,-94.4,28.65,35.109300000000005,-28.21785,2,NAVIRE-6995,France,Tanker
307986418,158.185,2.1208748195025557,24.116666666666664,269.59999999999997,-76.23333333333333,-91.33333333333333,20.849999999999998,-26.94435,7.5702500000000015,6,NAVIRE-6418,China,Passenger Ship
308695892,159.01,1.8447628573884405,36.46,217.14000000000001,-78.28,-90.97999999999999,22.419999999999998,19.016560000000002,-72.78428,5,NAVIRE-5892,China,Container Ship
309163379,158.78428571428572,1.6802168227430014,27.75714285714286,215.9,-78.12857142857142,-97.05714285714285,28.02857142857143,-10.137528571428572,-15.706642857142855,7,NAVIRE-3379,Denmark,Tanker
310055463,159.2375,2.4299159793430474,31.6,300.85,-83.0,-79.8,9.875,-17.812649999999998,-29.161125,4,NAVIRE-5463,Panama,Bulk Carrier
310273206,158.15,1.5994217705158238,29.479999999999997,237.95999999999998,-77.1,-97.66,22.439999999999998,28.095100000000002,-32.300979999999996,5,NAVIRE-3206,Marshall Islands,Passenger Ship
311470002,157.42999999999998,1.2228245990329025,35.23333333333333,306.5,-62.23333333333333,-88.56666666666666,44.166666666666664,-4.456733333333328,19.615066666666664,3,NAVIRE-0002,Panama,General Cargo
312462705,158.9,1.928004149373124,34.675,297.0125,-89.9375,-97.7125,33.2625,4.9495375,-9.447925000000005,8,NAVIRE-2705,Denmark,Passenger Ship
312878650,159.38875,2.1462953963915212,33.1875,274.225,-60.125,-89.2125,28.3125,-0.24512499999999982,41.2744375,8,NAVIRE-8650,USA,Container Ship
313328800,159.81888888888886,1.8099892571811316,33.37777777777777,282.8666666666667,-68.53333333333333,-89.27777777777777,24.87777777777778,-14.692688888888888,-60.2322,9,NAVIRE-8800,Panama,Tanker
313389958,157.846,1.8090135433434413,31.8,192.78,-90.2,-73.0,14.959999999999999,32.13696,11.72934,5,NAVIRE-9958,France,Container Ship
314355800,160.66,,34.8,232.4,-58.1,-82.4,4.1,10.3986,6.2602,1,NAVIRE-5800,Bahamas,Tanker
314390060,158.69400000000002,1.6765828342196516,28.579999999999995,228.42,-64.22,-82.02000000000001,17.259999999999998,20.11764,37.23542,5,NAVIRE-0060,Singapore,Passenger Ship
315074468,157.96,0.6843244844370141,27.833333333333332,447.6333333333334,-66.26666666666667,-82.03333333333335,35.06666666666667,-6.017266666666665,-36.009866666666674,3,NAVIRE-4468,USA,Passenger Ship
315113308,157.305,1.0421292306299401,21.175,161.2,-70.85,-86.475,22.825,-18.649500000000003,-27.626125000000005,4,NAVIRE-3308,Liberia,Bulk Carrier
315605444,159.56666666666666,1.0061543950441583,27.53333333333333,168.55,-51.86666666666667,-81.33333333333333,24.933333333333334,11.021983333333333,-36.56885,6,NAVIRE-5444,Marshall Islands,Tanker
315782943,160.04250000000002,1.227283585810556,21.175,189.475,-64.375,-108.225,22.8,19.022150000000003,-12.259099999999997,4,NAVIRE-2943,Panama,Tanker
316234277,158.14666666666668,1.6663453023508237,27.933333333333334,282.48333333333335,-68.95,-96.64999999999999,17.183333333333334,28.26985,40.545633333333335,6,NAVIRE-4277,Singapore,Tanker
316474826,158.34666666666666,1.6500404035457257,21.566666666666663,240.9,-60.13333333333333,-98.43333333333334,28.833333333333332,-20.669233333333334,-28.327133333333336,3,NAVIRE-4826,Marshall Islands,Passenger Ship
318125935,159.066,1.262618091286691,34.589999999999996,276.40999999999997,-66.89,-100.97999999999999,28.55,22.1065,60.858019999999996,10,NAVIRE-5935,Malta,Tanker
318975900,158.99200000000002,1.703282125779519,27.2,264.54,-52.1,-93.53999999999999,16.96,19.76184,10.8042,5,NAVIRE-5900,USA,Container Ship
319469731,159.8477777777778,1.7151222826505512,33.03333333333333,257.9,-65.12222222222222,-91.03333333333333,23.822222222222223,-4.291911111111111,35.607533333333336,9,NAVIRE-9731,Panama,Fishing Vessel
320624243,159.99,1.974453510890208,36.275,313.65,-39.375,-89.925,36.75,-16.45075,11.7058,4,NAVIRE-4243,Marshall Islands,Passenger Ship
320892082,158.57571428571427,2.201104700999455,28.7,265.1714285714285,-50.971428571428575,-88.74285714285715,30.685714285714287,-14.536685714285714,15.525142857142862,7,NAVIRE-2082,Liberia,Container Ship
321571144,158.675,2.1486197119701465,35.675,241.575,-72.275,-91.95,28.15,40.3579,-46.417875,4,NAVIRE-1144,Bahamas,Tanker
321784058,159.9775,1.8554671469291282,33.55,310.4,-51.4,-96.425,29.974999999999998,5.327225000000002,36.376475,4,NAVIRE-4058,China,Fishing Vessel
324742591,159.515,1.3449287465636695,26.724999999999998,232.4,-58.45,-86.075,27.325000000000003,-18.030175,18.578975000000003,4,NAVIRE-2591,Bahamas,Fishing Vessel
324958822,159.9,1.6028456836870715,38.625,322.1375,-57.875,-89.575,26.6375,6.0911625,33.5107875,8,NAVIRE-8822,Denmark,Container Ship
327690307,159.31571428571428,2.510078731453502,25.82857142857143,209.57142857142858,-98.52857142857144,-92.85714285714286,22.41428571428571,-3.221628571428571,20.791342857142862,7,NAVIRE-0307,Singapore,Container Ship
328293597,159.1585714285714,1.6572007379054237,34.214285714285715,296.31428571428575,-67.88571428571429,-88.64285714285714,26.057142857142857,-33.584042857142855,-86.57985714285714,7,NAVIRE-3597,France,Bulk Carrier
329004558,158.98000000000002,4.087077195258235,25.4,174.0,-80.1,-105.65,8.5,82.2744,53.93424999999999,2,NAVIRE-4558,Marshall Islands,Tanker
330948908,159.62,1.2236479418992565,30.7875,245.71249999999998,-64.5375,-97.375,23.9375,42.7578875,24.9975375,8,NAVIRE-8908,Bahamas,Container Ship
332649240,157.2125,0.9593878256471677,32.475,100.6,-74.85,-89.45,27.35,30.0616,-41.3594,4,NAVIRE-9240,Singapore,Bulk Carrier
332786654,158.50833333333333,1.5645244218824708,30.849999999999998,254.16666666666666,-86.78333333333335,-74.98333333333333,19.5,2.7915666666666676,57.94046666666667,6,NAVIRE-6654,Liberia,Fishing Vessel
333279592,158.8841666666667,1.8912980551286278,25.40833333333333,194.70000000000002,-55.708333333333336,-97.08333333333333,26.075,-3.271808333333333,-32.05005833333333,12,NAVIRE-9592,Bahamas,General Cargo
333886054,159.60285714285715,2.1846717090195615,34.385714285714286,268.54285714285714,-90.32857142857142,-81.47142857142856,27.271428571428572,-2.967042857142857,89.24405714285714,7,NAVIRE-6054,Bahamas,Fishing Vessel
334709857,160.28666666666666,1.2308669031757056,30.166666666666668,195.63333333333333,-64.2,-93.09999999999998,26.0,-9.4364,68.28920000000001,3,NAVIRE-9857,USA,General Cargo
335267736,159.62333333333333,1.6499191899403214,27.633333333333336,143.1,-82.60000000000001,-87.06666666666666,33.56666666666667,-19.177966666666666,-1.1127333333333336,3,NAVIRE-7736,Panama,Passenger Ship
335821955,159.3542857142857,1.8091789771685305,26.6,271.4428571428571,-66.72857142857143,-104.15714285714286,24.071428571428573,37.842357142857146,14.788271428571425,7,NAVIRE-1955,Malta,General Cargo
336052886,158.26375000000002,1.5218316814505692,28.375,241.81875,-72.2125,-93.4,26.03125,6.99986875,-27.97050625,16,NAVIRE-2886,Malta,Fishing Vessel
336627928,158.33333333333334,2.621475411544681,25.933333333333334,339.6333333333334,-102.06666666666666,-72.03333333333333,28.53333333333333,-25.94196666666667,-34.823766666666664,3,NAVIRE-7928,Malta,General Cargo
337866372,159.54000000000002,1.3413985239294148,24.240000000000002,226.45999999999998,-56.08,-79.1,20.939999999999998,-13.224099999999998,83.95444,5,NAVIRE-6372,Bahamas,Passenger Ship
338445994,157.39,1.6263455967290572,31.349999999999998,389.95,-56.6,-96.5,24.5,-14.733700000000002,16.099800000000002,2,NAVIRE-5994,Singapore,General Cargo
339096327,159.40666666666667,2.222888511224378,34.199999999999996,187.4333333333333,-57.5,-88.16666666666667,27.2,-26.21353333333333,-66.94316666666667,3,NAVIRE-6327,France,Container Ship
339126012,157.876,1.6167034360079742,25.0,168.57999999999998,-65.8,-83.72,25.3,-18.58858,66.88886,5,NAVIRE-6012,Singapore,Bulk Carrier
339171260,158.98666666666665,1.6649524517735277,35.25,203.83333333333334,-56.416666666666664,-101.41666666666667,24.266666666666666,-2.043133333333335,6.63235,6,NAVIRE-1260,Malta,General Cargo
340668048,159.61333333333332,0.8467191584777785,26.599999999999998,290.6,-64.33333333333333,-78.60000000000001,30.400000000000002,27.34566666666667,-53.11803333333334,3,NAVIRE-8048,Denmark,Container Ship
340714037,158.124,2.257671366696226,28.139999999999997,339.26,-73.85999999999999,-102.4,35.8,15.394760000000002,47.4638,5,NAVIRE-4037,USA,Container Ship
341249881,159.72,2.1892236066697253,38.46,213.83999999999997,-83.67999999999999,-84.1,30.24,-11.689280000000002,-4.802879999999999,5,NAVIRE-9881,Denmark,General Cargo
342385591,158.492,2.1080014231494237,28.439999999999998,327.21999999999997,-75.58,-83.24,25.02,-7.606540000000001,82.8099,5,NAVIRE-5591,Malta,Passenger Ship
342429088,159.086,1.7426215882973535,40.339999999999996,213.32,-75.32000000000001,-95.5,20.04,-13.215800000000002,-35.16152000000001,5,NAVIRE-9088,Liberia,Bulk Carrier
342815822,159.07,1.5681996046422175,16.66,220.61999999999998,-72.14000000000001,-95.53999999999999,23.580000000000002,32.6943,-67.76828,5,NAVIRE-5822,France,Bulk Carrier
343126146,161.34,0.7919595949289364,38.650000000000006,218.15,-91.5,-80.1,13.95,60.2585,-70.4432,2,NAVIRE-6146,USA,General Cargo
344513763,159.1925,2.1659425529909893,28.3125,290.9875,-86.4375,-93.425,23.862499999999997,8.83475,-55.602624999999996,8,NAVIRE-3763,Panama,Tanker
345832541,159.308,1.7560381544829837,24.28,324.46,-76.66,-89.5,25.76,-49.85054,45.32794,5,NAVIRE-2541,Marshall Islands,Container Ship
345917757,159.1057142857143,1.3466236438200678,32.17142857142857,291.4142857142857,-61.41428571428571,-81.91428571428571,30.97142857142857,5.288242857142859,-37.00422857142858,7,NAVIRE-7757,Bahamas,Passenger Ship
346077672,158.60666666666665,1.9273989381201506,27.133333333333336,182.08333333333334,-68.43333333333334,-86.18333333333334,16.366666666666667,-53.10378333333333,-38.2922,6,NAVIRE-7672,France,Tanker
347221944,161.44,,44.3,317.7,-108.4,-103.3,19.9,-51.2667,-110.6489,1,NAVIRE-1944,France,Fishing Vessel
347759038,157.92000000000002,1.258928115501442,34.31428571428571,323.65714285714284,-65.81428571428572,-90.32857142857142,31.985714285714284,-6.5216571428571415,8.132085714285713,7,NAVIRE-9038,Liberia,General Cargo
348500992,159.532,1.8664324257791987,32.6,248.14000000000001,-86.2,-88.0,21.86,4.379100000000003,-29.390180000000004,5,NAVIRE-0992,Liberia,Fishing Vessel
350038017,158.392,2.4846166706355484,27.159999999999997,239.51999999999998,-86.96000000000001,-105.32000000000001,33.04,13.795660000000002,0.825619999999995,5,NAVIRE-8017,Panama,General Cargo
350251451,159.3642857142857,1.9063652775448279,31.771428571428572,271.35714285714283,-68.64285714285714,-96.2,18.17142857142857,7.995857142857142,49.83007142857143,7,NAVIRE-1451,Denmark,Tanker
350521742,159.06,1.7569974388142924,24.833333333333332,285.9666666666667,-73.48333333333333,-89.41666666666667,32.43333333333333,17.7336,-50.484316666666665,6,NAVIRE-1742,Marshall Islands,Tanker
350657692,158.92555555555555,1.8444315595266232,23.833333333333332,275.0111111111111,-69.16666666666667,-97.88888888888889,29.444444444444443,51.50944444444444,17.779577777777778,9,NAVIRE-7692,Denmark,Fishing Vessel
352571434,160.24333333333334,1.7639822372499514,29.133333333333336,204.9,-76.13333333333334,-82.93333333333334,12.633333333333335,12.199066666666667,119.02833333333335,3,NAVIRE-1434,Panama,Fishing Vessel
352963430,158.674,1.9599183656468944,30.119999999999997,233.56,-84.4,-96.08,35.52,17.906299999999998,74.43274,5,NAVIRE-3430,Panama,Tanker
353691130,157.76,2.052632456140169,33.266666666666666,140.23333333333332,-85.93333333333334,-71.56666666666666,20.133333333333333,9.265933333333335,90.97396666666667,3,NAVIRE-1130,China,Passenger Ship
353821583,158.39249999999998,2.154170373949114,17.412499999999998,211.6875,-67.6125,-88.4125,24.3625,-7.624174999999998,-27.839975,8,NAVIRE-1583,Bahamas,General Cargo
354615733,159.07999999999998,1.2118305712158506,29.75,153.375,-50.075,-89.925,27.5,11.473600000000001,22.6101,4,NAVIRE-5733,Marshall Islands,Fishing Vessel
354873118,160.85,1.3576450198781824,29.099999999999998,341.15,-84.55000000000001,-82.5,17.3,-5.939200000000001,27.948000000000004,2,NAVIRE-3118,Liberia,Fishing Vessel
355835421,158.862,2.0864898753648493,28.65,229.71999999999997,-61.46,-86.57000000000001,23.44,2.7114800000000003,-38.85557,10,NAVIRE-5421,China,Container Ship
355968100,160.35666666666668,1.5311869034619365,25.266666666666666,283.93333333333334,-59.5,-91.66666666666667,29.766666666666666,12.6383,72.85940000000001,3,NAVIRE-8100,Liberia,Passenger Ship
356152670,158.875,2.156332865902526,23.8625,255.6125,-75.5,-91.75,28.975,-23.687862499999998,-1.9620750000000022,8,NAVIRE-2670,Liberia,General Cargo
356273956,158.9625,1.6464380745516416,37.05,237.25,-86.77499999999999,-94.25,20.0,-10.24465,43.740725000000005,4,NAVIRE-3956,Malta,Container Ship
357067982,159.65,2.262741699796944,34.599999999999994,155.9,-102.30000000000001,-109.35,15.25,3.0282500000000017,78.91225,2,NAVIRE-7982,Malta,General Cargo
358348599,158.93,3.1395541084682694,21.65,237.75,-88.0,-109.65,34.65,42.2841,32.3214,2,NAVIRE-8599,France,Bulk Carrier
359390541,158.6,2.527211902472768,24.96666666666667,168.76666666666665,-93.0,-75.10000000000001,20.366666666666667,-51.1646,88.08906666666667,3,NAVIRE-0541,USA,Container Ship
359830573,158.279,1.505415778669359,25.58,259.5,-70.03,-93.56,29.75,-19.92134,51.9563,10,NAVIRE-0573,Marshall Islands,General Cargo
360247230,157.38833333333332,1.3160762389264076,26.25,268.15000000000003,-71.35000000000001,-107.36666666666667,18.433333333333334,-0.12108333333333358,9.474516666666668,6,NAVIRE-7230,Panama,Tanker
360342720,158.11666666666667,1.8775782273982609,23.855555555555554,207.2111111111111,-85.83333333333333,-94.48888888888888,18.944444444444443,-39.58197777777778,-29.3696,9,NAVIRE-2720,Bahamas,General Cargo
360555312,158.42000000000002,1.6352675622050374,35.8,186.72,-78.42,-105.55999999999999,23.619999999999997,-19.374239999999997,40.595800000000004,5,NAVIRE-5312,Malta,Fishing Vessel
360833773,160.24,2.0422414156999236,31.77777777777778,201.42222222222222,-76.56666666666666,-96.01111111111112,24.58888888888889,-10.112144444444445,23.44767777777778,9,NAVIRE-3773,Denmark,Tanker
361510820,159.24571428571429,1.9034605078020148,35.628571428571426,274.1857142857143,-70.55714285714285,-87.81428571428572,9.528571428571428,-16.912214285714285,-12.64832857142857,7,NAVIRE-0820,Bahamas,Container Ship
361903938,159.92,1.1816372821922299,20.625,169.525,-90.6,-98.125,22.2,-11.617975000000001,-77.167,4,NAVIRE-3938,China,Fishing Vessel
362601507,158.09333333333333,2.0124777431481453,24.916666666666668,188.63333333333333,-51.4,-103.05,32.1,7.722133333333331,-44.481533333333324,6,NAVIRE-1507,Marshall Islands,Container Ship
364856950,156.14,,27.7,481.6,-81.9,-64.3,18.2,-89.2472,-24.3222,1,NAVIRE-6950,France,Bulk Carrier
367500008,159.535,0.8770594810691803,27.175,268.425,-69.575,-85.7,21.725,-2.2802749999999996,35.837225,4,NAVIRE-0008,Marshall Islands,Passenger Ship
368365433,159.33,1.177582268888241,18.066666666666666,132.93333333333334,-75.5,-86.46666666666665,31.26666666666667,-13.2433,146.1069,3,NAVIRE-5433,Denmark,General Cargo
369075346,158.4375,2.0515583507828024,23.700000000000003,279.04999999999995,-80.075,-77.125,17.6,-22.18645,-30.996575,4,NAVIRE-5346,Singapore,Bulk Carrier
369325711,158.565,1.9447585233868245,29.3625,301.4875,-68.9,-83.1125,16.45,-18.3618625,2.642875,8,NAVIRE-5711,China,General Cargo
370219145,160.75857142857143,0.988861779546372,28.414285714285715,278.0,-66.87142857142858,-99.95714285714284,24.814285714285713,18.1439,-31.325057142857144,7,NAVIRE-9145,China,Bulk Carrier
371121059,156.07,,43.4,491.8,-27.5,-67.1,19.8,48.3472,1.7788,1,NAVIRE-1059,Singapore,Bulk Carrier
372051562,158.5175,1.8626929430263046,28.425,138.925,-76.925,-88.9,33.8,11.123875000000002,-60.10275,4,NAVIRE-1562,USA,Bulk Carrier
372177283,158.5675,0.7851273782004976,23.825,331.25,-56.95,-86.19999999999999,20.95,19.410474999999998,-14.939625,4,NAVIRE-7283,Malta,Bulk Carrier
372271550,156.43,,42.5,311.6,-65.0,-78.1,35.3,-89.4902,-153.4889,1,NAVIRE-1550,Marshall Islands,Fishing Vessel
372353705,158.965,0.9671435605258794,23.625,309.125,-104.975,-76.125,27.3,12.092975,3.7449250000000003,4,NAVIRE-3705,Panama,Container Ship
372700428,159.11142857142858,2.000653464674555,31.900000000000002,161.18571428571428,-77.58571428571429,-81.62857142857142,19.771428571428572,28.598128571428568,67.2818,7,NAVIRE-0428,Marshall Islands,Tanker
373306649,159.01142857142855,1.9858283626019182,32.857142857142854,269.92857142857144,-62.48571428571428,-92.45714285714287,31.67142857142857,37.06091428571428,2.6392999999999995,7,NAVIRE-6649,USA,Fishing Vessel
374237721,160.19,1.7665786141578923,25.580000000000002,156.88,-74.24,-99.46,18.580000000000002,-0.5397999999999967,-33.65348,5,NAVIRE-7721,Malta,Tanker
374389765,157.74833333333333,1.14900681750226,31.7,204.58333333333334,-75.10000000000001,-87.06666666666666,26.633333333333336,3.6919833333333316,-36.64268333333333,6,NAVIRE-9765,France,Bulk Carrier
375047621,158.385,1.5337535656030243,21.8,316.925,-76.15,-91.1875,27.5,5.8921125,-49.001675,8,NAVIRE-7621,Bahamas,Tanker
375096037,158.70000000000002,1.9361508205715892,39.31666666666667,207.63333333333335,-62.26666666666667,-84.25,27.483333333333334,-15.852699999999999,10.593516666666668,6,NAVIRE-6037,China,General Cargo
375252389,158.065,2.4118664971345303,35.300000000000004,253.35,-79.65,-95.30000000000001,23.200000000000003,4.839225000000001,-31.318925,4,NAVIRE-2389,France,Passenger Ship
375856282,161.2,,27.6,111.4,-89.7,-119.1,4.5,83.1623,-150.2046,1,NAVIRE-6282,Marshall Islands,Fishing Vessel
377068202,159.19428571428574,1.593673504233305,28.571428571428573,291.6142857142857,-64.72857142857143,-93.97142857142856,32.24285714285714,8.0035,-61.99671428571428,7,NAVIRE-8202,Singapore,Container Ship
377712245,159.00285714285715,1.769422827607118,32.042857142857144,199.85714285714286,-76.88571428571429,-88.37142857142858,23.185714285714287,-28.403942857142855,24.673599999999997,7,NAVIRE-2245,Singapore,Passenger Ship
377899981,159.2425,2.0665329257801144,34.85,280.9,-62.2,-87.475,31.575000000000003,7.390449999999999,-11.423775,4,NAVIRE-9981,USA,General Cargo
377992909,159.155,1.9869700551342002,30.55,190.25,-34.95,-72.25,32.7,12.242550000000001,-67.317,2,NAVIRE-2909,Singapore,Passenger Ship
378249098,161.32,,34.8,320.6,-30.5,-108.1,47.9,23.3498,62.0283,1,NAVIRE-9098,USA,General Cargo
378367378,159.3,2.289159234304159,24.779999999999998,176.38,-63.08,-85.06,30.839999999999996,37.17474,-99.23782,5,NAVIRE-7378,Denmark,Tanker
378984233,159.775,1.0598065861278634,28.183333333333337,239.65,-81.33333333333333,-94.05,35.03333333333333,-18.758750000000003,58.66669999999999,6,NAVIRE-4233,Malta,Bulk Carrier
379393743,157.84333333333333,2.380847188152434,27.0,286.0,-72.56666666666666,-83.10000000000001,32.766666666666666,9.165733333333336,26.46956666666667,3,NAVIRE-3743,China,Passenger Ship
379597254,160.37666666666667,2.1008649012569403,26.666666666666668,231.16666666666666,-72.89999999999999,-67.60000000000001,28.633333333333336,3.2003999999999997,-59.21383333333333,3,NAVIRE-7254,Denmark,Tanker
380494325,158.82000000000002,1.889470825389993,24.733333333333334,212.79999999999998,-45.76666666666667,-111.06666666666666,31.96666666666667,19.0402,-17.5303,3,NAVIRE-4325,Denmark,Bulk Carrier
381712071,158.6675,1.6189785874639357,25.55,228.55,-75.65,-89.25,17.9,-19.67645,-31.039625000000008,4,NAVIRE-2071,Marshall Islands,Bulk Carrier
381954352,159.204,1.2110450032926094,37.06,245.9,-51.92,-113.7,24.72,17.58002,60.18638,5,NAVIRE-4352,Denmark,Tanker
382322288,159.08800000000002,2.5852214605329205,36.18,321.2,-85.94,-102.3,34.78,-1.2992400000000006,-2.1824999999999988,5,NAVIRE-2288,Panama,Passenger Ship
382714823,159.255,2.3109889657893135,31.733333333333334,323.0,-70.55,-72.61666666666667,19.900000000000002,9.731666666666666,23.789266666666666,6,NAVIRE-4823,Panama,Passenger Ship
382967807,157.4,1.5455743269089244,34.519999999999996,327.36,-76.62,-105.32000000000001,26.4,-20.378539999999997,-70.67652,5,NAVIRE-7807,France,Tanker
383307372,156.23,,26.2,401.3,-119.1,-92.1,39.9,68.0401,-133.8916,1,NAVIRE-7372,Bahamas,Bulk Carrier
383308981,159.69142857142856,1.7877027024594905,41.385714285714286,218.37142857142857,-61.24285714285714,-87.62857142857142,25.900000000000002,-21.49958571428571,50.38981428571429,7,NAVIRE-8981,USA,Tanker
384450029,160.018,2.224886513959753,31.74,235.08,-80.1,-98.67999999999999,13.14,30.19636,30.44212,5,NAVIRE-0029,Denmark,General Cargo
384550733,158.1457142857143,2.0342636435399792,31.0,130.22857142857143,-60.957142857142856,-86.67142857142858,16.62857142857143,-29.95042857142857,-50.55085714285714,7,NAVIRE-0733,Denmark,Container Ship
385217219,158.496,1.7872828539433818,38.12,220.92,-68.64,-93.6,25.119999999999997,-12.320020000000003,-5.891399999999999,5,NAVIRE-7219,Marshall Islands,General Cargo
386428572,159.23,1.8856563843924414,35.766666666666666,167.23333333333332,-73.53333333333333,-92.03333333333335,9.333333333333334,15.914766666666665,-28.4991,3,NAVIRE-8572,USA,Passenger Ship
388953506,159.33833333333334,2.1207868036808115,29.883333333333336,294.3666666666667,-54.63333333333333,-100.21666666666665,27.133333333333336,0.9661166666666668,33.40456666666666,6,NAVIRE-3506,USA,Fishing Vessel
389614255,159.41199999999998,2.5567890018536956,29.02,277.94,-73.53999999999999,-83.38,27.060000000000002,4.0695,-60.24996,5,NAVIRE-4255,Denmark,Fishing Vessel
389921162,159.07333333333335,1.9766200106916545,22.75,316.25,-66.78333333333333,-101.36666666666667,31.083333333333332,-37.33646666666667,55.27473333333333,6,NAVIRE-1162,Singapore,Container Ship
390169657,160.04999999999998,1.6852002848326246,29.166666666666668,202.36666666666667,-75.73333333333333,-112.5,16.566666666666666,14.989566666666667,-63.6407,3,NAVIRE-9657,USA,Fishing Vessel
390182507,160.0575,1.304284605955827,32.5,122.60000000000001,-91.225,-85.3,21.700000000000003,-30.995375000000003,1.0168749999999989,4,NAVIRE-2507,China,General Cargo
391151453,158.22833333333332,2.3560086304312806,31.483333333333334,198.20000000000002,-68.2,-88.43333333333334,18.733333333333334,-1.5172166666666673,-51.829416666666674,6,NAVIRE-1453,Liberia,Tanker
391158344,159.06166666666667,2.062759478627278,27.183333333333334,269.09999999999997,-49.18333333333334,-85.81666666666666,28.3,0.06271666666666557,-9.469800000000005,6,NAVIRE-8344,Malta,Bulk Carrier
391430690,159.976,2.071371526308118,23.84,262.26000000000005,-93.56,-91.67999999999999,21.36,24.38202,-43.36054,5,NAVIRE-0690,Liberia,Passenger Ship
391786359,159.42375,1.696921056333672,32.5,321.05,-69.9125,-80.0375,30.2125,-4.7241125,-26.285025,8,NAVIRE-6359,Panama,Fishing Vessel
392617917,158.28375,1.8609055975135231,20.95,210.47500000000002,-85.7625,-93.03750000000001,21.2375,34.2263625,-46.4904625,8,NAVIRE-7917,Panama,Passenger Ship
393509366,158.40166666666667,1.7789594336765167,25.21666666666667,241.36666666666667,-67.58333333333333,-85.31666666666666,26.966666666666665,1.4254499999999979,32.70146666666667,6,NAVIRE-9366,Singapore,General Cargo
393784956,159.2875,1.6595857916962282,28.85,161.75,-89.775,-92.9,18.725,10.383525000000004,22.94525,4,NAVIRE-4956,Panama,Bulk Carrier
394645869,158.20333333333335,1.3791253266714574,35.800000000000004,172.0666666666667,-84.86666666666666,-88.14999999999999,23.96666666666667,-3.5991999999999984,-97.76418333333334,6,NAVIRE-5869,Panama,Container Ship
394819025,158.64888888888888,1.7844638161394835,27.288888888888888,173.55555555555554,-66.78888888888889,-95.15555555555555,26.655555555555555,0.9201333333333355,-29.290877777777773,9,NAVIRE-9025,Liberia,Container Ship
396838191,158.715,0.9565510963874356,30.8,276.98333333333335,-80.06666666666666,-88.73333333333333,16.8,-23.515933333333333,-19.67368333333334,6,NAVIRE-8191,Bahamas,Container Ship
397348659,158.76875,1.431107837605927,29.1375,272.1125,-64.6875,-85.3125,27.425,-18.063775,24.039625,8,NAVIRE-8659,USA,Fishing Vessel
398193465,157.65,,14.3,145.1,-58.3,-110.1,29.5,-39.1449,133.1917,1,NAVIRE-3465,Marshall Islands,Fishing Vessel
399163627,158.91666666666666,1.7162847471597888,38.166666666666664,363.26666666666665,-79.46666666666667,-90.16666666666667,36.9,13.536166666666666,118.16199999999999,3,NAVIRE-3627,Marshall Islands,Passenger Ship
399373193,159.62666666666667,2.2226080776121293,27.116666666666664,247.58333333333334,-88.8,-99.71666666666665,31.383333333333336,-18.03493333333333,-40.39423333333333,6,NAVIRE-3193,France,Passenger Ship
401032142,158.966,1.5421835169654776,32.44,205.76,-68.3,-101.6,26.0,-64.42338,-73.53726,5,NAVIRE-2142,Liberia,Passenger Ship
401528305,158.8275,1.4061620342857584,27.425,219.125,-68.375,-87.575,27.675,6.192274999999999,83.611425,4,NAVIRE-8305,USA,General Cargo
401816566,158.80454545454543,1.9384909782424224,33.945454545454545,191.93636363636367,-66.3,-87.93636363636364,25.263636363636362,25.256081818181823,-22.570954545454544,11,NAVIRE-6566,Liberia,Container Ship
403275944,158.95,3.493107499061543,22.25,314.85,-42.8,-89.65,17.8,34.29,-5.195899999999995,2,NAVIRE-5944,France,Fishing Vessel
403401992,158.34,1.6227548592850667,31.675,207.8,-41.425,-91.525,12.6,22.8989,81.480925,4,NAVIRE-1992,France,Passenger Ship
403492770,161.115,0.3606244584051328,38.2,301.85,-72.5,-85.95,32.65,23.6497,-63.435700000000004,2,NAVIRE-2770,Marshall Islands,Passenger Ship
403551997,157.17999999999998,1.0105938848023914,28.8,169.66666666666666,-64.10000000000001,-99.2,13.799999999999999,6.458933333333334,-116.31443333333334,3,NAVIRE-1997,Malta,Passenger Ship
404128445,158.91,1.7768398914927612,24.633333333333336,293.81666666666666,-61.23333333333333,-83.60000000000001,19.45,-33.92998333333333,46.61351666666667,6,NAVIRE-8445,Panama,Bulk Carrier
405176063,160.31,0.3111269837220793,47.35,230.89999999999998,-89.3,-110.0,7.05,27.82305,64.08879999999999,2,NAVIRE-6063,Liberia,Bulk Carrier
405294999,158.6125,1.4068967031496353,27.1,187.77499999999998,-57.6,-85.525,21.375,-31.250349999999997,21.508924999999998,4,NAVIRE-4999,USA,Container Ship
405517314,159.43666666666667,2.0822071622839666,23.083333333333332,208.0,-94.93333333333334,-95.98333333333333,23.133333333333336,15.499916666666664,36.68771666666666,6,NAVIRE-7314,Denmark,General Cargo
406449637,158.8725,2.283786016996468,24.7,247.9375,-61.7375,-88.55,31.95,0.4761250000000017,28.2823375,8,NAVIRE-9637,Marshall Islands,Fishing Vessel
407783617,158.64333333333335,2.1700076804779647,29.600000000000005,338.46666666666664,-75.56666666666666,-84.76666666666667,23.23333333333333,-60.150933333333334,18.993199999999998,3,NAVIRE-3617,USA,Bulk Carrier
408697312,159.07999999999998,2.2729862882707113,29.985714285714288,184.68571428571428,-79.48571428571428,-91.75714285714285,26.37142857142857,-9.186928571428572,-24.853499999999997,7,NAVIRE-7312,Panama,Bulk Carrier
408835992,159.2775,1.7410605005761863,34.325,202.55,-80.05,-99.45,23.175,0.0738500000000002,-74.0735,4,NAVIRE-5992,China,Container Ship
409089660,159.955,1.7010249011362866,30.0625,208.625,-60.699999999999996,-89.5375,27.275,-17.010275,9.090899999999998,8,NAVIRE-9660,Singapore,General Cargo
409203436,158.934,1.6585324838543292,38.0,211.21999999999997,-56.260000000000005,-92.28,39.1,11.0883,17.49874,5,NAVIRE-3436,Singapore,Bulk Carrier
409720576,158.98250000000002,2.1289649284726697,21.275,251.25,-67.7,-106.5,17.924999999999997,-6.0768249999999995,-35.031774999999996,4,NAVIRE-0576,France,Container Ship
410019201,159.8775,1.4242466680419368,33.7625,186.3,-76.225,-95.175,29.75,1.051074999999999,36.737849999999995,8,NAVIRE-9201,Denmark,Passenger Ship
410444994,159.57999999999998,1.9211628423084426,41.925,281.95,-69.575,-96.275,24.725,-30.7609,-17.0577,4,NAVIRE-4994,Malta,Tanker
410992457,159.24666666666667,1.9803703357368936,31.933333333333334,275.1333333333333,-58.166666666666664,-90.86666666666667,24.683333333333334,-15.733183333333335,65.74018333333333,6,NAVIRE-2457,China,General Cargo
412200014,158.095,1.6719350067112788,29.45,247.7,-63.875,-95.425,34.225,20.1417,77.96495,4,NAVIRE-0014,Malta,Passenger Ship
412547846,159.48777777777778,2.2580510278655024,32.55555555555556,194.82222222222222,-90.42222222222222,-79.72222222222223,26.666666666666668,6.965333333333332,20.06737777777778,9,NAVIRE-7846,Panama,Passenger Ship
412845068,159.4988888888889,1.5293172042160303,24.08888888888889,293.9555555555555,-55.48888888888889,-101.85555555555555,33.65555555555555,-5.3354888888888885,38.89555555555555,9,NAVIRE-5068,Denmark,General Cargo
413062848,158.51,2.248599564173226,38.45,220.8,-58.1,-88.0,32.85,-16.0099,-74.3968,2,NAVIRE-2848,Denmark,Container Ship
414040537,157.42875,0.9668865718672203,27.95,181.6625,-95.0875,-90.65,25.95,-7.351962500000002,56.377874999999996,8,NAVIRE-0537,Denmark,Container Ship
415742193,159.70166666666668,1.8908666443370943,31.2,231.01666666666668,-72.78333333333333,-74.98333333333333,21.099999999999998,-8.027733333333332,-5.3125,6,NAVIRE-2193,Panama,Tanker
416064970,159.63000000000002,1.2701771529987451,31.1,190.76,-81.7,-84.86,25.06,3.3648399999999996,9.24182,5,NAVIRE-4970,China,Fishing Vessel
417153380,158.42000000000002,2.203103871057067,23.125,250.14999999999998,-66.2,-86.0,27.8,14.114674999999998,-8.4742,4,NAVIRE-3380,Malta,Container Ship
417287774,157.45000000000002,1.2950289572052034,33.36666666666667,265.56666666666666,-90.96666666666665,-84.7,31.899999999999995,-1.3818000000000008,-39.62696666666667,3,NAVIRE-7774,Singapore,Container Ship
417393024,158.888,2.457970707718066,22.78,186.84,-76.32000000000001,-95.97999999999999,26.880000000000003,-58.82057999999999,-17.85656,5,NAVIRE-3024,USA,Fishing Vessel
418169543,159.43714285714285,1.8550266331036385,27.071428571428573,207.07142857142858,-58.55714285714286,-84.12857142857142,34.042857142857144,16.497814285714288,58.22634285714286,7,NAVIRE-9543,Malta,Tanker
418216232,159.20111111111112,1.7073110762573749,34.355555555555554,249.26666666666668,-67.35555555555555,-86.91111111111111,34.922222222222224,-4.023122222222223,6.215211111111111,9,NAVIRE-6232,Bahamas,Bulk Carrier
418271823,158.36,2.044097192731636,24.575,271.075,-64.3,-86.65,33.575,6.062249999999999,10.378,4,NAVIRE-1823,China,Tanker
418369900,157.762,1.4018452125680527,29.580000000000002,241.44,-72.82000000000001,-87.02000000000001,26.8,-57.27806,-69.22998,5,NAVIRE-9900,USA,Fishing Vessel
418950990,158.70000000000002,1.8868386258501189,29.95,256.21666666666664,-76.86666666666667,-95.03333333333335,24.066666666666666,40.67275,23.07111666666667,6,NAVIRE-0990,Denmark,Tanker
419681851,160.325,0.9121677477306507,19.65,235.8,-69.0,-99.4,18.55,14.442599999999999,15.4651,2,NAVIRE-1851,Malta,Fishing Vessel
420101729,156.745,0.6010407640085714,22.95,221.95000000000002,-107.35,-105.05,30.65,16.4402,-20.682750000000006,2,NAVIRE-1729,Malta,Passenger Ship
420176132,159.55666666666667,2.035198598007913,27.400000000000002,213.69999999999996,-52.06666666666666,-99.7,12.066666666666668,0.3309666666666639,11.382233333333332,3,NAVIRE-6132,Panama,Passenger Ship
420862582,159.28333333333333,2.158572058869778,40.6,249.4,-91.63333333333333,-92.36666666666667,27.599999999999998,-15.613233333333335,33.38976666666667,3,NAVIRE-2582,Malta,Tanker
421626132,158.92666666666665,2.2007347257980316,26.266666666666666,357.8333333333333,-85.39999999999999,-87.43333333333334,31.833333333333332,-75.69596666666666,-82.28716666666666,3,NAVIRE-6132,Liberia,Container Ship
421800471,158.695,1.0866002024663903,34.725,344.75,-65.275,-81.5,26.6,-13.659250000000004,-27.2997,4,NAVIRE-0471,Panama,Passenger Ship
422236152,159.305,1.9493332193342323,34.075,293.25,-70.32499999999999,-74.575,20.75,-35.54995,21.040449999999996,4,NAVIRE-6152,Denmark,General Cargo
422364175,157.17,0.9081299466486085,35.03333333333333,252.73333333333335,-50.833333333333336,-75.13333333333334,22.266666666666666,-25.3211,-67.3503,3,NAVIRE-4175,USA,Fishing Vessel
422816465,159.35500000000002,1.3120594498726164,22.525,349.725,-72.5,-92.275,30.225,16.23375,-21.259175,4,NAVIRE-6465,Bahamas,General Cargo
424210268,158.47,1.9848677537810868,33.1,248.26666666666665,-32.13333333333333,-90.76666666666667,17.166666666666668,-18.893366666666665,0.7502666666666666,3,NAVIRE-0268,Singapore,Container Ship
424592926,159.03125,1.6474086794547635,31.5625,213.15,-68.7625,-100.05,27.150000000000002,-34.1201875,-25.864675000000002,8,NAVIRE-2926,USA,Passenger Ship
425319931,159.55,3.379970414071708,29.650000000000002,202.65,-70.45,-103.75,48.05,30.688850000000002,-91.4853,2,NAVIRE-9931,Panama,General Cargo
425344391,158.03,1.1187046080176837,25.76,351.93999999999994,-56.58,-108.9,22.74,22.65624,10.211859999999998,5,NAVIRE-4391,Singapore,General Cargo
425682454,158.54166666666666,1.5852749498641177,26.833333333333332,210.35000000000002,-75.45,-99.33333333333333,24.266666666666666,10.448099999999998,-44.27343333333332,6,NAVIRE-2454,Liberia,Container Ship
426878147,158.68333333333334,2.019887785662037,20.5,249.14999999999998,-62.0,-72.05,23.483333333333334,22.961649999999995,43.816833333333335,6,NAVIRE-8147,Panama,Tanker
429191774,158.09,2.0053179299053907,27.633333333333336,226.26666666666665,-77.10000000000001,-100.26666666666667,19.3,27.545266666666663,-41.957233333333335,3,NAVIRE-1774,Denmark,Bulk Carrier
429463049,159.45333333333335,2.706886280088863,24.333333333333332,355.3,-43.1,-83.06666666666666,14.066666666666668,8.136133333333333,-33.17843333333334,3,NAVIRE-3049,Denmark,General Cargo
429489274,158.315,3.2031937187750508,37.0,177.79999999999998,-39.349999999999994,-89.85,19.3,-17.92775,-27.1655,2,NAVIRE-9274,China,Container Ship
430213890,158.4125,1.9089504096928958,20.625,299.125,-43.3,-86.6,30.625,-33.9895,67.77157500000001,4,NAVIRE-3890,France,Passenger Ship
430248110,158.875,1.3514843691289986,36.65,320.71666666666664,-79.36666666666666,-105.2,21.849999999999998,-26.08871666666667,-2.800466666666665,6,NAVIRE-8110,Panama,Fishing Vessel
430323255,159.13714285714286,1.904063324277089,33.51428571428571,189.37142857142857,-68.92857142857143,-89.7,27.157142857142855,-3.123642857142857,13.100228571428568,7,NAVIRE-3255,Bahamas,Passenger Ship
431125158,158.59333333333333,1.6709837421910092,27.21666666666667,211.8166666666667,-77.4,-77.13333333333334,13.416666666666666,9.9133,-13.805566666666664,6,NAVIRE-5158,Panama,Passenger Ship
431297958,159.04444444444445,2.0897614164726495,31.27777777777778,240.63333333333333,-75.58888888888889,-88.15555555555555,19.91111111111111,-12.814277777777779,73.10154444444444,9,NAVIRE-7958,USA,Passenger Ship
431340436,159.95499999999998,2.514153270321176,27.125,141.4,-86.0,-97.775,18.825000000000003,-23.515625,-153.971975,4,NAVIRE-0436,Denmark,Bulk Carrier
432596188,159.464,2.4767175858381636,35.739999999999995,287.15999999999997,-72.12,-80.52000000000001,31.560000000000002,28.436880000000002,-19.48204,5,NAVIRE-6188,France,Fishing Vessel
433158282,160.19,,13.3,314.7,-23.8,-61.6,36.0,-60.9557,-116.8057,1,NAVIRE-8282,Singapore,Bulk Carrier
433665909,158.7575,0.7067472438337928,37.575,196.0,-76.225,-88.225,25.65,50.031125,-12.298624999999998,4,NAVIRE-5909,Marshall Islands,Passenger Ship
433980731,159.7475,1.4503189304425408,35.275,153.825,-80.27499999999999,-99.8,24.225,4.6175250000000005,-7.834075,4,NAVIRE-0731,Panama,Passenger Ship
434377681,158.3,2.715290039756335,29.9,324.5,-60.449999999999996,-98.0,33.75,45.586,-148.39775,2,NAVIRE-7681,Denmark,Fishing Vessel
436223782,160.164,2.2681776826342372,23.5,247.88000000000002,-63.6,-90.86,35.8,-2.6918000000000006,10.9592,5,NAVIRE-3782,Panama,General Cargo
436352356,159.735,2.2415284963613566,29.65,222.85000000000002,-77.55,-86.55,32.85,8.8281,97.52250000000001,2,NAVIRE-2356,Liberia,Container Ship
437879281,159.25666666666666,1.8736346139700542,33.56666666666667,275.09999999999997,-58.833333333333336,-87.01666666666667,20.95,-32.7285,30.242633333333334,6,NAVIRE-9281,Singapore,General Cargo
438102804,158.78,2.8483855076165505,22.633333333333336,260.90000000000003,-77.13333333333333,-66.89999999999999,29.03333333333333,-30.650966666666665,40.6402,3,NAVIRE-2804,Bahamas,Tanker
439142651,159.54125,1.5547295355049484,33.525,267.325,-68.075,-88.2375,11.1,-24.8620875,-53.811225,8,NAVIRE-2651,Liberia,Container Ship
439796108,158.7575,1.6379738500151146,23.75,248.775,-61.525,-105.25,31.675,1.0753250000000012,-40.70877500000001,4,NAVIRE-6108,USA,Container Ship
440461093,159.45125,2.1889099537702026,33.1,213.92499999999998,-89.925,-87.75,34.2375,-15.846975,4.0163874999999996,8,NAVIRE-1093,China,Bulk Carrier
440753173,159.0825,2.140725844861295,30.349999999999998,213.7125,-62.725,-92.0125,25.349999999999998,22.1868625,-37.787037500000004,8,NAVIRE-3173,France,Passenger Ship
441462536,160.5,,17.8,287.1,-34.8,-93.1,44.6,0.9918,-130.5301,1,NAVIRE-2536,USA,General Cargo
441799840,158.70428571428573,2.0608320095118264,30.657142857142855,211.92857142857142,-69.94285714285715,-84.01428571428572,20.52857142857143,40.99561428571428,54.668485714285715,7,NAVIRE-9840,Denmark,Passenger Ship
442558328,160.19,2.335051748177463,28.950000000000003,221.725,-95.225,-103.625,28.725,-14.765525000000002,-28.238474999999998,4,NAVIRE-8328,Bahamas,Container Ship
442995932,158.51625,1.4187211293475372,37.4625,210.725,-71.1875,-91.4625,18.0625,-31.651987499999997,-64.72494999999999,8,NAVIRE-5932,China,General Cargo
443032358,158.70499999999998,1.6256502972315046,24.779999999999998,234.06,-59.970000000000006,-91.27000000000001,27.5,20.822830000000003,-21.932660000000002,10,NAVIRE-2358,Malta,General Cargo
443338863,160.40249999999997,1.5085174841545625,32.724999999999994,250.85,-79.775,-102.525,9.725,19.1265,-0.8229999999999968,4,NAVIRE-8863,Panama,Container Ship
443461886,158.66857142857143,1.8041103862331345,28.342857142857145,294.0,-84.11428571428571,-87.77142857142857,28.02857142857143,-9.142000000000001,5.074528571428568,7,NAVIRE-1886,France,Tanker
443780416,159.97,1.6817507884005076,29.4,299.8375,-75.075,-96.225,20.8125,-19.7447625,113.70865,8,NAVIRE-0416,Singapore,Fishing Vessel
443799491,159.1,1.9771444054494365,19.333333333333332,178.6,-81.0,-85.8,19.866666666666664,-5.710799999999999,44.20343333333333,3,NAVIRE-9491,China,Container Ship
443828407,160.28,1.278671185254447,34.25,243.75,-41.35,-78.05000000000001,11.05,-32.300450000000005,-63.9779,4,NAVIRE-8407,Bahamas,Passenger Ship
444470257,158.9077777777778,1.9434362465603257,34.55555555555556,249.89999999999998,-78.25555555555556,-84.35555555555555,33.666666666666664,-1.6132222222222214,90.90348888888889,9,NAVIRE-0257,China,General Cargo
444890693,160.26857142857145,1.9789090308503279,28.87142857142857,269.62857142857143,-73.64285714285714,-85.61428571428571,18.114285714285714,6.341242857142857,-12.338599999999998,7,NAVIRE-0693,USA,Passenger Ship
446212691,158.095,1.4673615777987414,34.333333333333336,202.58333333333334,-91.23333333333333,-91.21666666666665,18.8,-24.72741666666667,34.39273333333333,6,NAVIRE-2691,France,Container Ship
447149593,160.38333333333333,1.2419473955580167,37.1,328.1666666666667,-59.26666666666667,-80.89999999999999,25.266666666666666,-16.228233333333332,-5.512199999999997,3,NAVIRE-9593,Malta,Passenger Ship
447432545,159.052,1.526391168737554,28.639999999999997,274.06000000000006,-60.4,-81.58,31.560000000000002,4.2411,60.1595,5,NAVIRE-2545,Marshall Islands,Tanker
448742787,157.91,0.7921174155388799,32.72,206.32,-62.48,-107.34,36.019999999999996,-23.87896,84.98566000000001,5,NAVIRE-2787,China,Tanker
448911983,161.05666666666664,0.9034009814768476,25.76666666666667,263.73333333333335,-54.56666666666666,-93.73333333333333,30.76666666666667,4.015566666666667,-125.80576666666666,3,NAVIRE-1983,Liberia,Fishing Vessel
449459316,157.245,1.022071426075489,30.633333333333336,270.2333333333333,-77.35000000000001,-84.93333333333334,36.699999999999996,-14.47905,-19.618599999999997,6,NAVIRE-9316,Panama,Tanker
449977525,158.99571428571429,2.1036464939310973,33.44285714285714,163.68571428571428,-81.89999999999999,-86.18571428571428,32.714285714285715,-11.832357142857145,-22.196900000000007,7,NAVIRE-7525,China,Tanker
450391469,157.99666666666667,1.3209188720987604,34.0,258.09999999999997,-58.300000000000004,-92.61666666666667,32.083333333333336,-13.49825,-23.378150000000005,6,NAVIRE-1469,Malta,General Cargo
450769975,158.32666666666668,2.0310555547957416,38.0,347.56666666666666,-67.66666666666667,-86.14999999999999,32.53333333333333,-9.539950000000001,32.1567,6,NAVIRE-9975,China,Bulk Carrier
451146016,158.57800000000003,1.3711746788793886,23.380000000000003,118.06000000000002,-68.46,-85.44,23.44,-12.844220000000002,43.54477999999999,5,NAVIRE-6016,Panama,Bulk Carrier
452240475,159.85625,1.5185701686596076,32.3875,216.0875,-71.675,-89.2375,27.8875,21.2072,-71.21095,8,NAVIRE-0475,Liberia,Tanker
452496498,160.12,2.262741699796944,24.65,194.55,-82.6,-60.849999999999994,25.5,14.318549999999998,50.424,2,NAVIRE-6498,Marshall Islands,Fishing Vessel
452754816,157.99,2.110181666744992,30.15,282.375,-64.05,-91.425,31.0,-22.090650000000004,52.517275,4,NAVIRE-4816,Malta,Passenger Ship
455207826,159.53285714285715,2.301649512021863,29.114285714285717,297.5571428571429,-84.98571428571428,-88.85714285714286,22.82857142857143,27.18781428571429,32.28481428571428,7,NAVIRE-7826,Bahamas,Bulk Carrier
455663655,158.7875,2.01342783994528,27.4,298.1,-36.775,-84.375,23.775000000000002,-10.59995,87.852825,4,NAVIRE-3655,France,Passenger Ship
457122734,159.042,2.130028168827819,37.7,217.3,-69.72,-81.2,29.6,32.62518,33.76314,5,NAVIRE-2734,Denmark,Tanker
457668606,158.51,1.459143584435754,31.74285714285714,340.07142857142856,-83.27142857142857,-93.74285714285715,20.9,-4.346528571428573,43.49122857142857,7,NAVIRE-8606,Liberia,Fishing Vessel
458498610,160.11399999999998,2.217392612957844,31.74,133.92000000000002,-60.18000000000001,-72.54,21.259999999999998,-6.418340000000001,-27.056079999999998,5,NAVIRE-8610,Denmark,General Cargo
459764910,157.96,1.3220590001962869,34.199999999999996,141.96666666666667,-78.56666666666666,-95.98333333333333,28.0,-13.880949999999999,-13.896766666666666,6,NAVIRE-4910,Bahamas,Container Ship
462828696,157.65,,35.0,213.8,-77.8,-114.3,39.2,-30.0903,65.313,1,NAVIRE-8696,France,General Cargo
465482524,159.4575,1.84805077491574,26.525,250.77499999999998,-101.175,-80.0,20.475,-37.897724999999994,15.704925,4,NAVIRE-2524,Malta,Bulk Carrier
465772627,160.09285714285716,1.1681854060281518,36.48571428571428,251.88571428571427,-79.27142857142857,-87.3142857142857,24.971428571428568,26.101942857142856,-57.848971428571424,7,NAVIRE-2627,China,General Cargo
466000944,158.39333333333335,1.8220958628275732,33.03333333333333,267.43333333333334,-97.16666666666667,-77.93333333333334,21.633333333333336,5.000766666666666,-51.02360000000001,3,NAVIRE-0944,Singapore,Passenger Ship
466426533,158.99166666666667,1.9334261471974235,38.36666666666667,287.8833333333333,-58.4,-106.96666666666665,20.0,-7.433416666666666,-46.011266666666664,6,NAVIRE-6533,Denmark,Bulk Carrier
467574402,160.015,1.5332862311605937,37.375,303.3,-66.825,-80.525,18.724999999999998,17.447599999999998,68.857025,4,NAVIRE-4402,France,Fishing Vessel
468051507,159.9075,2.316741605502565,27.5,150.2,-99.19999999999999,-72.375,22.2,-27.148224999999996,-13.525924999999997,4,NAVIRE-1507,Panama,Bulk Carrier
468098550,158.65,2.012454081108791,26.5625,193.35000000000002,-68.925,-93.6125,26.675,-20.7040875,-14.722750000000001,8,NAVIRE-8550,Liberia,Bulk Carrier
468131793,161.21,,31.4,48.4,-57.0,-83.0,27.9,-66.1828,17.8915,1,NAVIRE-1793,USA,Bulk Carrier
469045896,160.16333333333333,1.3002051120240037,27.933333333333334,326.40000000000003,-56.5,-85.53333333333335,15.766666666666666,-56.84193333333334,-46.635933333333334,3,NAVIRE-5896,France,Fishing Vessel
469514250,160.414,0.8112829346165208,26.919999999999998,183.76000000000002,-67.86,-91.96000000000001,26.139999999999997,-33.37568,17.072300000000002,5,NAVIRE-4250,Denmark,General Cargo
469777847,159.6,,42.6,108.6,-20.8,-88.5,36.9,-88.517,49.7751,1,NAVIRE-7847,China,Tanker
470359883,157.55,0.542279140910538,26.225,186.1,-59.6,-89.375,24.85,3.0879499999999993,42.9031,4,NAVIRE-9883,China,Tanker
471117456,158.1225,2.243113535542364,26.975,131.17499999999998,-62.650000000000006,-85.35,14.05,-9.3615,37.9016,4,NAVIRE-7456,Panama,Fishing Vessel
471332874,159.5525,1.957299524490689,25.2375,302.1625,-70.1,-82.89999999999999,26.65,-7.549662499999999,-52.508475000000004,8,NAVIRE-2874,Marshall Islands,Tanker
471709181,158.31,2.5173001410241107,40.75,106.95,-70.3,-93.05000000000001,40.2,-1.738949999999999,-63.58865000000001,2,NAVIRE-9181,USA,Passenger Ship
471846120,159.7125,1.591631762269993,20.375,122.775,-56.475,-90.075,24.925,-5.845625,-89.1497,4,NAVIRE-6120,USA,General Cargo
472097386,158.51600000000002,1.4908487515505988,29.96,272.5,-53.8,-77.9,20.04,10.73256,42.09416,5,NAVIRE-7386,Marshall Islands,Fishing Vessel
472360093,158.222,1.193951422797432,24.3,230.6,-62.339999999999996,-75.0,24.240000000000002,10.317620000000002,-18.16424,5,NAVIRE-0093,Liberia,Container Ship
472597180,158.46571428571428,1.7430323877547182,27.82857142857143,264.7714285714286,-76.94285714285715,-95.97142857142856,28.542857142857144,7.546385714285714,4.195314285714287,7,NAVIRE-7180,Denmark,Container Ship
473916468,158.73,2.235900266112061,30.54,89.4,-65.96000000000001,-111.55999999999999,22.54,3.368119999999999,-25.187580000000004,5,NAVIRE-6468,Marshall Islands,General Cargo
474003611,160.845,1.38396772602062,30.9,327.82500000000005,-58.325,-92.025,25.825,61.849925,-102.287825,4,NAVIRE-3611,Denmark,Bulk Carrier
474472853,160.082,1.7964047428127181,32.28,327.82000000000005,-69.08,-88.84,23.68,-10.981660000000002,-18.787460000000003,5,NAVIRE-2853,Marshall Islands,Passenger Ship
474561158,159.81,1.1513759884011219,27.1,131.5,-78.475,-95.775,18.525000000000002,55.95205,-68.75550000000001,4,NAVIRE-1158,Marshall Islands,Fishing Vessel
475112776,158.625,2.260936384185404,30.775,260.925,-66.45,-88.175,33.925,-27.582825,-62.78724999999999,4,NAVIRE-2776,Singapore,Passenger Ship
478707016,158.13666666666666,1.8207416071480356,36.96666666666667,201.27777777777777,-49.51111111111111,-88.56666666666666,33.47777777777778,-10.483955555555557,-16.205933333333334,9,NAVIRE-7016,Denmark,Tanker
478927568,158.27,1.4730512550485129,35.949999999999996,255.75,-82.45,-89.2,27.75,-4.8962499999999975,87.25911666666666,6,NAVIRE-7568,Panama,General Cargo
479231964,158.958,1.8152878559611414,29.139999999999997,375.08000000000004,-64.58,-84.22,24.2,29.852899999999998,21.6557,5,NAVIRE-1964,Marshall Islands,General Cargo
479502357,159.56,1.1776530332261106,18.725,63.5,-65.675,-91.925,31.425,40.48505,-4.331499999999998,4,NAVIRE-2357,Singapore,Passenger Ship
479597234,159.79999999999998,0.43312815655415426,13.366666666666667,186.46666666666667,-84.0,-93.16666666666667,28.599999999999998,-52.618066666666664,-98.7136,3,NAVIRE-7234,Liberia,Tanker
481152642,159.58,0.7933788502348822,27.32,253.34,-67.0,-96.52000000000001,23.46,40.8725,11.022140000000004,5,NAVIRE-2642,Panama,Fishing Vessel
481997523,159.46166666666667,1.0649021864315265,34.35,249.4333333333333,-86.58333333333333,-93.78333333333335,35.35,44.80113333333333,58.421683333333334,6,NAVIRE-7523,Panama,General Cargo
482078287,158.03666666666666,0.7617304860206974,30.2,202.03333333333333,-51.06666666666666,-99.13333333333333,37.13333333333333,26.314933333333332,-98.27256666666666,3,NAVIRE-8287,Liberia,Tanker
482218335,158.4114285714286,2.1959161229536086,30.342857142857145,267.35714285714283,-83.02857142857144,-83.5,27.7,10.906328571428572,28.067457142857144,7,NAVIRE-8335,France,Tanker
482501437,158.93142857142857,1.647821072117447,34.07142857142857,241.94285714285712,-77.89999999999999,-88.57142857142857,24.457142857142856,13.756942857142858,16.577542857142852,7,NAVIRE-1437,China,Bulk Carrier
482698090,158.68125,2.459810895751357,33.25,293.4875,-68.0125,-87.45,22.337500000000002,2.731187499999999,4.857412499999999,8,NAVIRE-8090,Liberia,Bulk Carrier
484144611,159.35999999999999,1.0295630140986987,24.66,324.36,-73.12,-89.53999999999999,25.8,20.179299999999998,52.76537999999999,5,NAVIRE-4611,Malta,Fishing Vessel
484170624,159.00333333333333,0.6741908730718218,31.299999999999997,279.53333333333336,-59.56666666666666,-103.8,30.100000000000005,17.996,7.609300000000002,3,NAVIRE-0624,Liberia,Bulk Carrier
484698904,159.87666666666667,0.5132575701665933,30.766666666666666,196.53333333333333,-42.96666666666667,-79.06666666666666,20.966666666666665,37.94723333333334,21.40216666666667,3,NAVIRE-8904,Panama,Tanker
485481754,159.47,1.8057869937140072,28.7,151.7,-61.975,-69.3,30.125,8.179525,29.945825,4,NAVIRE-1754,Malta,Container Ship
486243458,158.95000000000002,2.0360255401148533,32.86666666666667,191.53333333333333,-70.0,-88.23333333333333,23.25,-2.254583333333333,88.09530000000001,6,NAVIRE-3458,Singapore,Fishing Vessel
486924016,158.88,2.2852461574193694,41.760000000000005,226.11999999999998,-63.92,-86.8,23.060000000000002,19.715339999999998,3.63048,5,NAVIRE-4016,Panama,Tanker
487307571,159.02125,2.0184466269174104,32.85,244.3,-70.3125,-97.45,22.225,10.100237499999999,4.7811125000000025,8,NAVIRE-7571,Denmark,General Cargo
488479599,158.47285714285712,2.2976706631261345,24.885714285714283,232.6,-85.07142857142857,-91.15714285714286,34.15714285714286,0.9782857142857152,-12.265628571428573,7,NAVIRE-9599,Liberia,Tanker
488577018,158.72285714285712,2.3931479567417324,32.871428571428574,211.0,-55.34285714285714,-82.62857142857142,27.74285714285714,21.9058,-58.62171428571428,7,NAVIRE-7018,Bahamas,Passenger Ship
489144334,158.26666666666668,0.5993607705992446,20.533333333333335,322.3333333333333,-74.16666666666667,-86.56666666666666,14.1,5.154699999999999,28.10656666666667,3,NAVIRE-4334,France,Bulk Carrier
489917841,158.04222222222222,1.2479360738613385,32.05555555555556,260.4222222222222,-87.32222222222222,-90.05555555555556,21.155555555555555,-12.865511111111111,18.265144444444445,9,NAVIRE-7841,Marshall Islands,Tanker
491037315,158.96833333333333,2.1242355487720004,35.050000000000004,265.0833333333333,-77.13333333333334,-94.61666666666667,21.46666666666667,16.891516666666664,-73.38091666666666,6,NAVIRE-7315,Marshall Islands,Bulk Carrier
491185579,160.41333333333333,0.711777118673165,34.53333333333333,193.73333333333335,-72.75,-89.01666666666667,22.21666666666667,-29.08836666666667,-38.57901666666667,6,NAVIRE-5579,France,Container Ship
492235960,158.91285714285712,0.9869264458528869,27.114285714285717,288.4142857142857,-56.57142857142857,-84.92857142857143,28.24285714285714,-10.246328571428569,45.55391428571428,7,NAVIRE-5960,Panama,Bulk Carrier
492381951,158.77166666666668,1.3031103816126455,28.916666666666668,276.59999999999997,-71.45,-90.95,29.666666666666668,-30.393600000000003,-10.4813,6,NAVIRE-1951,Singapore,Passenger Ship
492428548,159.3,0.3818376618407401,48.349999999999994,141.85,-43.15,-106.75,14.100000000000001,-57.4078,24.311700000000002,2,NAVIRE-8548,Bahamas,Container Ship
493976714,157.48000000000002,0.4666904755831089,26.15,202.25,-62.9,-82.15,30.849999999999998,23.05475,37.58205,2,NAVIRE-6714,Singapore,Passenger Ship
494975711,159.66,1.9072703007177534,26.400000000000002,319.26666666666665,-84.33333333333333,-91.5,21.616666666666664,21.57935,50.98423333333333,6,NAVIRE-5711,Bahamas,Container Ship
497077187,158.552,2.4300144032494932,29.919999999999998,209.9,-72.28,-100.3,17.22,26.74044,-5.917700000000002,5,NAVIRE-7187,Singapore,Tanker
497246798,158.1257142857143,1.9391996385352444,39.857142857142854,202.05714285714288,-74.47142857142856,-94.61428571428571,25.471428571428568,-8.727728571428571,-29.885771428571427,7,NAVIRE-6798,Denmark,Passenger Ship
498001386,160.975,0.7141778489984065,22.5,350.4,-60.45,-95.75,19.299999999999997,-7.619500000000002,-74.1254,2,NAVIRE-1386,USA,Container Ship
498567471,160.22,1.9680447149391702,28.483333333333334,251.51666666666665,-73.5,-89.7,32.56666666666666,10.842683333333333,18.165650000000003,6,NAVIRE-7471,Panama,Bulk Carrier
498768789,159.7125,1.0538738064872866,26.175,262.15,-53.925000000000004,-75.75,18.7,46.6012625,41.592074999999994,8,NAVIRE-8789,Singapore,Fishing Vessel
499604556,159.07,1.847931275778406,29.939999999999998,260.6,-66.52000000000001,-83.53999999999999,12.040000000000001,15.981639999999999,22.56746,5,NAVIRE-4556,China,General Cargo
499938651,159.20666666666668,1.8415717924280506,25.916666666666668,167.46666666666667,-70.36666666666667,-87.03333333333335,20.5,16.00095,-49.31211666666667,6,NAVIRE-8651,Bahamas,Passenger Ship
500125271,159.46,1.1920850081544898,21.7,178.29999999999998,-77.64285714285714,-92.60000000000001,23.614285714285717,-4.332971428571431,-32.69287142857143,7,NAVIRE-5271,Singapore,General Cargo
500902964,157.00666666666666,0.26764404221527044,19.066666666666666,280.73333333333335,-87.39999999999999,-84.06666666666666,17.933333333333334,24.66763333333333,37.34363333333334,3,NAVIRE-2964,Liberia,Bulk Carrier
503603324,157.225,1.1525840533340692,32.6,228.3,-79.7,-100.35,15.1,-38.989999999999995,-15.366150000000005,2,NAVIRE-3324,Singapore,Fishing Vessel
504126903,159.0611111111111,2.0472752895278004,28.622222222222224,112.87777777777778,-58.044444444444444,-83.11111111111111,18.08888888888889,22.614833333333333,17.23988888888889,9,NAVIRE-6903,Liberia,Container Ship
504143081,158.71666666666667,1.612492894041184,27.233333333333334,374.4666666666667,-59.800000000000004,-86.96666666666665,20.3,15.2363,11.878366666666674,3,NAVIRE-3081,Malta,Tanker
504831183,158.41833333333332,1.8802597338311082,28.78333333333333,159.83333333333334,-52.98333333333333,-98.41666666666667,28.316666666666666,-3.8577333333333343,66.99348333333333,6,NAVIRE-1183,China,General Cargo
505223390,158.48333333333332,1.677827960986059,30.099999999999998,194.6,-61.083333333333336,-92.53333333333335,28.71666666666667,2.29135,-27.60826666666667,6,NAVIRE-3390,Singapore,Fishing Vessel
506756098,159.8325,1.6112705722946943,29.9625,203.8875,-72.7375,-91.625,22.425,5.3048625000000005,5.818425000000003,8,NAVIRE-6098,Denmark,Fishing Vessel
507138220,159.46499999999997,2.36880771697494,14.850000000000001,482.35,-24.3,-84.7,48.0,2.1233500000000003,-89.4316,2,NAVIRE-8220,Bahamas,General Cargo
507796518,159.06666666666666,0.6543189843901299,33.800000000000004,279.09999999999997,-56.666666666666664,-91.10000000000001,36.699999999999996,15.126799999999998,38.91166666666667,3,NAVIRE-6518,USA,Passenger Ship
507890656,159.42428571428573,1.8640534429289384,33.31428571428572,198.12857142857143,-55.4,-91.05714285714285,19.557142857142857,11.592200000000002,7.27562857142857,7,NAVIRE-0656,China,General Cargo
508742093,158.41666666666666,1.847621894941362,33.833333333333336,185.41666666666666,-84.75,-82.10000000000001,26.733333333333334,4.360733333333334,-10.879533333333333,6,NAVIRE-2093,Liberia,General Cargo
509022925,158.27333333333334,2.3420731557034378,34.199999999999996,148.04999999999998,-92.96666666666665,-88.91666666666667,34.13333333333333,12.185233333333334,35.7319,6,NAVIRE-2925,Malta,Passenger Ship
510468741,157.70333333333335,1.0066445913694348,20.133333333333333,139.03333333333333,-90.56666666666666,-78.46666666666667,27.166666666666668,62.16193333333334,45.454066666666655,3,NAVIRE-8741,France,Bulk Carrier
510828755,159.48,,28.3,292.2,-78.9,-90.1,18.7,22.0041,76.0046,1,NAVIRE-8755,USA,Tanker
510872204,157.76,,12.3,241.9,-100.6,-73.8,28.4,-76.3022,172.7751,1,NAVIRE-2204,France,Container Ship
510967857,158.02249999999998,1.8783215024768023,23.349999999999998,86.65,-66.275,-79.725,21.5,3.5454000000000008,-9.762474999999998,4,NAVIRE-7857,France,Bulk Carrier
511165374,160.23000000000002,0.5374011537017798,39.900000000000006,104.10000000000001,-36.4,-101.25,41.599999999999994,23.272350000000003,89.4816,2,NAVIRE-5374,Singapore,Fishing Vessel
511350085,159.17333333333332,1.8575647139916038,22.666666666666668,285.5833333333333,-58.88333333333333,-89.35000000000001,23.71666666666667,6.2637333333333345,78.96466666666667,6,NAVIRE-0085,Bahamas,Container Ship
512009169,158.91857142857143,1.0785550298343414,23.74285714285714,281.9,-91.64285714285714,-94.42857142857143,19.74285714285714,-21.904242857142858,48.03957142857143,7,NAVIRE-9169,Liberia,Tanker
512084278,158.71166666666667,1.4094313274036046,31.933333333333334,152.93333333333334,-58.699999999999996,-91.73333333333333,32.699999999999996,-33.308616666666666,26.44846666666666,6,NAVIRE-4278,France,Bulk Carrier
512894233,158.63,,17.9,62.2,-104.6,-67.1,13.9,31.2641,-173.8754,1,NAVIRE-4233,Panama,General Cargo
513453764,159.58666666666667,1.527477222961667,22.95,275.15000000000003,-86.55,-89.38333333333333,27.05,-9.246083333333333,-9.444816666666664,6,NAVIRE-3764,USA,General Cargo
513758672,158.62,1.6952064770994744,33.900000000000006,244.35555555555553,-68.37777777777778,-95.97777777777777,21.433333333333334,-11.170533333333333,2.5946777777777785,9,NAVIRE-8672,Liberia,General Cargo
515184149,157.804,1.5982897109097631,27.3,239.32,-62.160000000000004,-92.17999999999999,20.34,1.8875399999999984,-71.38068,5,NAVIRE-4149,USA,Fishing Vessel
515300056,159.76874999999998,2.0520264374515325,36.7,315.675,-63.4875,-92.4875,30.2375,18.117525,14.456599999999998,8,NAVIRE-0056,Denmark,Bulk Carrier
515571477,157.43599999999998,2.44005737637458,20.339999999999996,250.16,-47.28,-99.08,37.58,-24.08362,30.43206,5,NAVIRE-1477,Malta,Tanker
516479771,158.37,2.295234192843943,30.766666666666666,201.70000000000002,-85.0,-101.16666666666667,28.133333333333336,19.086,46.73333333333333,3,NAVIRE-9771,France,Bulk Carrier
517049090,159.195,2.043371397144101,25.924999999999997,405.5,-82.69999999999999,-74.75,24.65,-24.4022,49.599075,4,NAVIRE-9090,Liberia,General Cargo
517405518,158.663,1.5697774081413922,30.4,314.05,-71.45,-92.65,32.39,-3.4561500000000023,-23.512790000000003,10,NAVIRE-5518,Malta,Passenger Ship
518636217,158.885,2.2273863607376185,38.4,329.2,-109.80000000000001,-113.25,21.85,-4.796149999999997,-92.0376,2,NAVIRE-6217,Denmark,Container Ship
518745437,157.48000000000002,2.0647518010647,31.7,423.25,-45.5,-107.0,11.3,-3.1679999999999993,86.48010000000001,2,NAVIRE-5437,China,Passenger Ship
519121293,159.3,1.9607524066031388,34.4,272.82,-72.56,-86.38,33.36,-9.29922,8.600940000000003,5,NAVIRE-1293,Liberia,General Cargo
520054675,158.2125,0.665450974903475,22.675,286.125,-62.8,-76.425,28.625,9.140825,3.478674999999999,4,NAVIRE-4675,Singapore,Container Ship
520255194,160.08,2.078893936688448,29.4,142.70000000000002,-82.25,-91.75,14.15,-21.549300000000002,16.41955,2,NAVIRE-5194,Singapore,Container Ship
520578344,158.92,2.535133132598766,39.53333333333333,322.1666666666667,-47.13333333333333,-83.66666666666667,31.433333333333334,-1.6904000000000003,39.03483333333333,3,NAVIRE-8344,Bahamas,Passenger Ship
520580257,157.865,0.9475054969057871,36.075,261.95,-65.5,-100.25,22.9,-25.0165,-75.7553,4,NAVIRE-0257,France,Passenger Ship
522395156,159.75,0.5939696961966822,30.450000000000003,404.65,-72.45,-104.9,11.05,-54.0607,-68.07225,2,NAVIRE-5156,USA,Fishing Vessel
522604490,157.92428571428573,1.4674110665029259,31.82857142857143,272.3285714285714,-61.0,-87.81428571428572,29.2,18.651614285714288,-90.48662857142858,7,NAVIRE-4490,USA,Passenger Ship
524295608,159.0825,2.6555774638798724,25.45,200.625,-82.4,-83.275,43.775,-43.413574999999994,-48.7082,4,NAVIRE-5608,Panama,Bulk Carrier
525093906,158.94571428571427,2.0440715671004677,36.48571428571429,300.6857142857143,-71.9,-85.21428571428571,20.114285714285717,21.254657142857145,21.55401428571429,7,NAVIRE-3906,USA,Passenger Ship
525197879,158.43,1.441989366581234,25.214285714285715,254.29999999999998,-68.35714285714286,-98.11428571428571,15.528571428571428,-6.749414285714286,-35.56234285714286,7,NAVIRE-7879,Liberia,Tanker
525724682,159.63333333333333,2.3028098778087123,33.36666666666667,223.73333333333335,-52.13333333333333,-108.06666666666666,30.96666666666667,12.323433333333336,-8.342133333333335,3,NAVIRE-4682,USA,Bulk Carrier
525862714,160.525,2.0293964620053946,14.95,200.45,-52.4,-75.9,25.0,-15.7405,-13.2314,2,NAVIRE-2714,Panama,Bulk Carrier
527862060,158.83833333333334,1.6991223224555172,27.2,353.0833333333333,-56.31666666666666,-94.95,23.683333333333337,9.332283333333335,-47.52043333333333,6,NAVIRE-2060,Marshall Islands,General Cargo
528269609,158.0925,2.119282504371073,22.025,330.975,-71.175,-79.725,31.025000000000002,28.139900000000004,35.8724,4,NAVIRE-9609,China,Fishing Vessel
529075482,158.254,0.6490993760588534,20.54,224.9,-79.88,-84.62,13.14,29.957759999999997,-40.99486,5,NAVIRE-5482,Marshall Islands,Container Ship
529630684,159.65333333333334,3.0947428541533593,24.53333333333333,249.96666666666667,-77.2,-92.16666666666667,7.466666666666666,-35.316399999999994,105.05496666666666,3,NAVIRE-0684,Denmark,Tanker
530158148,160.23,1.0182337649086268,28.599999999999998,265.1,-92.15,-80.8,17.3,-38.30865,42.5353,2,NAVIRE-8148,Denmark,General Cargo
531169485,158.515,1.8069504697140966,26.133333333333336,301.6,-90.63333333333333,-97.23333333333333,21.78333333333333,-29.547749999999997,9.79503333333333,6,NAVIRE-9485,Liberia,General Cargo
531282226,159.3225,1.046760308216318,28.075,187.85,-52.675,-84.2375,26.112499999999997,0.9651750000000021,18.932875000000003,8,NAVIRE-2226,Singapore,Container Ship
535166257,160.222,1.7448123108231368,32.36,204.16,-60.120000000000005,-87.44,9.620000000000001,46.34072,11.24008,5,NAVIRE-6257,Singapore,Container Ship
535376810,157.63,1.2082632163564337,27.566666666666666,256.8333333333333,-66.33333333333333,-83.43333333333334,31.099999999999998,-26.801366666666667,4.826933333333329,3,NAVIRE-6810,USA,Tanker
535652730,158.6575,2.356287687585435,21.025,260.5,-67.15,-89.55,22.375,-7.353525,9.808824999999999,4,NAVIRE-2730,Malta,Bulk Carrier
536588185,158.682,1.272406294301389,30.830000000000002,303.26,-83.06,-82.5,26.080000000000002,-15.97778,-10.689750000000004,10,NAVIRE-8185,USA,General Cargo
537006791,158.884,1.1839045569639444,33.32,294.2,-60.64,-94.3,17.32,14.56144,31.192640000000004,5,NAVIRE-6791,Denmark,Passenger Ship
537057172,158.93,1.957404744383055,32.957142857142856,148.6142857142857,-71.91428571428571,-89.45714285714287,24.614285714285717,2.7677571428571435,26.382785714285713,7,NAVIRE-7172,China,Passenger Ship
537549824,159.0,1.375590782173237,37.980000000000004,299.94,-53.5,-88.82000000000001,24.74,-3.946820000000001,-26.130740000000003,5,NAVIRE-9824,Malta,General Cargo
538393289,160.125,2.0827305794717264,30.325000000000003,156.22500000000002,-76.525,-89.55,19.95,8.986699999999999,-32.998325,4,NAVIRE-3289,Malta,Bulk Carrier
538642695,158.98333333333335,1.7341952984982185,28.566666666666666,200.0,-72.10000000000001,-87.53333333333335,27.599999999999998,37.08156666666667,-6.804166666666674,3,NAVIRE-2695,Singapore,Passenger Ship
539476072,158.66750000000002,2.1588635127461555,38.3,439.325,-50.025000000000006,-93.2,36.8,12.752875000000003,15.381124999999999,4,NAVIRE-6072,Panama,Tanker
539864913,159.36666666666667,1.5625961303762,31.333333333333332,299.26666666666665,-69.10000000000001,-84.75,21.833333333333332,-2.291450000000001,-54.85911666666667,6,NAVIRE-4913,China,General Cargo
541119258,159.095,2.159080822942946,25.299999999999997,130.26666666666665,-68.58333333333333,-95.16666666666667,26.083333333333332,40.15878333333333,61.103849999999994,6,NAVIRE-9258,Liberia,Tanker
543045682,160.54,0.5656854249492461,40.8,388.75,-67.0,-66.95,15.35,-17.9926,140.38004999999998,2,NAVIRE-5682,USA,Tanker
543131057,158.5275,2.616873134104892,28.05,262.05,-67.95,-83.3,17.900000000000002,-22.95525,-15.333225000000002,4,NAVIRE-1057,Malta,Container Ship
543784647,158.8725,1.8522846253568384,34.825,168.60000000000002,-75.15,-93.175,34.925,-1.609975000000002,47.149125000000005,4,NAVIRE-4647,Malta,Container Ship
544068709,159.066,2.3740429650703416,32.22,276.14,-70.47999999999999,-89.24,27.880000000000003,2.0037399999999974,39.3769,5,NAVIRE-8709,Marshall Islands,Container Ship
544496921,158.35142857142858,1.6686364550277681,28.285714285714285,173.07142857142858,-79.71428571428571,-83.51428571428572,13.171428571428573,5.562785714285717,-24.06547142857143,7,NAVIRE-6921,Denmark,Tanker
544913102,159.83,2.688326617061252,23.733333333333334,291.76666666666665,-78.33333333333333,-88.03333333333335,32.96666666666667,57.9515,-46.500099999999996,3,NAVIRE-3102,Malta,Tanker
545033469,158.0,0.4309292285283036,24.333333333333332,243.86666666666667,-43.53333333333333,-90.03333333333335,15.966666666666667,6.478533333333334,12.996599999999995,3,NAVIRE-3469,Singapore,Bulk Carrier
545105896,156.3,,12.8,48.4,-87.8,-109.3,11.1,60.5147,-83.5274,1,NAVIRE-5896,Bahamas,Container Ship
545386868,158.58333333333334,1.8780930044418271,26.433333333333334,395.09999999999997,-40.0,-93.96666666666665,27.8,-12.363633333333333,-130.74426666666668,3,NAVIRE-6868,Denmark,General Cargo
548068452,158.99,2.0081832585697876,36.2,273.3,-69.3,-100.55,38.45,-42.7532,62.3755,2,NAVIRE-8452,Marshall Islands,Bulk Carrier
548124432,158.005,1.1070230349906918,30.825000000000003,273.9,-56.125,-72.52499999999999,21.724999999999998,-31.6772,33.91175,4,NAVIRE-4432,China,Bulk Carrier
548384565,159.7757142857143,1.416519880350637,30.900000000000002,247.57142857142858,-71.02857142857142,-100.34285714285714,14.157142857142858,5.891228571428572,-44.50572857142857,7,NAVIRE-4565,Panama,Tanker
548536338,158.375,1.4972069233838659,32.8,261.35,-75.1,-99.325,23.275,14.662537500000001,16.31845,8,NAVIRE-6338,Panama,General Cargo
548806116,158.26,3.2166908461958115,26.399999999999995,194.13333333333333,-63.93333333333334,-75.56666666666666,24.966666666666665,77.91486666666667,83.15986666666667,3,NAVIRE-6116,China,General Cargo
548985726,159.202,1.4864286057527236,31.96,281.82,-70.58,-87.84,21.34,9.405200000000002,-4.4487600000000045,5,NAVIRE-5726,Bahamas,Fishing Vessel
549787961,158.91833333333332,2.0896833890966957,26.650000000000002,284.3666666666667,-88.46666666666665,-88.08333333333333,26.599999999999998,-17.129,40.20248333333333,6,NAVIRE-7961,China,General Cargo
551710952,158.916,1.3163510170163508,37.56,346.7,-80.88,-94.53999999999999,28.74,-40.7665,-52.43504,5,NAVIRE-0952,China,Tanker
552519459,158.72,1.636658180561842,29.988888888888887,188.65555555555557,-51.87777777777777,-91.62222222222222,17.08888888888889,-10.26311111111111,-70.74035555555555,9,NAVIRE-9459,Malta,General Cargo
553298294,158.614,1.1524886116574116,35.0,263.38,-89.96000000000001,-69.36,12.819999999999999,17.087,-24.5997,5,NAVIRE-8294,Malta,Fishing Vessel
554310783,159.59142857142857,1.8110625662984856,25.642857142857142,343.42857142857144,-67.35714285714286,-98.8,21.057142857142857,24.765428571428572,11.057085714285716,7,NAVIRE-0783,Liberia,Container Ship
554544656,158.3725,1.8071593731599842,29.775,231.175,-82.0,-100.5,41.325,4.745475000000001,-71.4532,4,NAVIRE-4656,Liberia,General Cargo
556310104,159.655,1.3898800907512467,29.225,253.5,-46.775000000000006,-98.5,21.375,-27.185724999999998,29.647550000000003,4,NAVIRE-0104,Marshall Islands,Passenger Ship
556460612,159.394,1.8382138069332385,31.839999999999996,221.34,-64.0,-87.47999999999999,28.04,13.607800000000001,-44.39882,5,NAVIRE-0612,China,Bulk Carrier
556615041,157.405,1.5344217151748194,23.3,277.7,-46.650000000000006,-88.85,22.55,20.3313,-19.456599999999998,2,NAVIRE-5041,Panama,Fishing Vessel
556636357,159.96666666666667,2.9908248583515107,40.233333333333334,145.03333333333333,-87.66666666666667,-92.63333333333333,22.866666666666664,-0.839499999999998,43.731100000000005,3,NAVIRE-6357,China,Passenger Ship
557579724,158.47666666666666,2.1982796303776544,23.76666666666667,206.16666666666666,-82.8,-81.36666666666666,31.0,-1.3888666666666676,-14.320666666666662,3,NAVIRE-9724,France,General Cargo
557703737,159.994,0.7791854721438215,25.839999999999996,212.88000000000002,-81.5,-83.1,28.54,4.50156,71.1205,5,NAVIRE-3737,Marshall Islands,General Cargo
558380004,157.79500000000002,0.5444722215136588,26.900000000000002,266.85,-64.9,-110.05,31.3,21.580350000000003,-9.08319999999999,2,NAVIRE-0004,Singapore,Fishing Vessel
558449339,159.16500000000002,1.0870577006049087,31.119999999999997,284.14,-74.95,-87.1,31.860000000000003,-9.999660000000002,-26.98365,10,NAVIRE-9339,Panama,Fishing Vessel
559795298,160.4875,1.4589808086469114,18.075,214.35,-81.325,-80.30000000000001,22.3,-17.633325,-96.9659,4,NAVIRE-5298,Panama,General Cargo
559968652,158.96999999999997,1.4658615214269082,29.8,219.6,-94.3,-93.44,18.240000000000002,4.3001000000000005,-56.024300000000004,5,NAVIRE-8652,Panama,Tanker
560033049,159.03333333333333,1.72424862863027,30.0,247.76666666666665,-82.3,-93.60000000000001,22.366666666666664,-0.5488333333333356,25.86426666666667,3,NAVIRE-3049,China,Passenger Ship
561690462,159.616,1.9942993757207066,25.28,278.36,-73.1,-104.02000000000001,26.660000000000004,34.67784,25.813,5,NAVIRE-0462,Panama,Bulk Carrier
562875712,160.32,,43.2,3.5,-113.0,-88.8,49.7,58.5007,145.9872,1,NAVIRE-5712,France,Tanker
563249678,158.34142857142857,1.8277438603501264,30.82857142857143,264.2142857142857,-79.74285714285715,-94.47142857142856,32.51428571428572,3.279999999999999,14.843642857142855,7,NAVIRE-9678,USA,Tanker
563404199,158.39499999999998,1.7606958851544996,25.75,185.35,-86.25,-85.75,23.15,-12.939700000000002,76.39535000000001,2,NAVIRE-4199,Denmark,Bulk Carrier
563497602,157.765,1.0960155108391465,34.45,121.85,-72.85,-74.69999999999999,28.65,-62.927499999999995,16.3045,2,NAVIRE-7602,Liberia,Passenger Ship
564065072,157.98,1.6572131895310145,28.02,296.89,-73.3,-85.32,18.759999999999998,1.9278399999999976,17.40064,10,NAVIRE-5072,Liberia,Container Ship
565056189,158.50666666666666,1.9544888504841111,21.349999999999998,158.53333333333333,-64.78333333333333,-86.08333333333333,7.483333333333333,13.721966666666667,-3.094366666666666,6,NAVIRE-6189,France,Passenger Ship
565842368,158.98000000000002,0.8771544903835373,27.6,216.575,-82.2,-89.9,13.7,53.7787,-99.041175,4,NAVIRE-2368,China,Bulk Carrier
566098838,159.095,2.421377707008964,26.766666666666666,258.21666666666664,-63.21666666666667,-89.56666666666666,14.949999999999998,-4.7829500000000005,39.32581666666667,6,NAVIRE-8838,China,Bulk Carrier
566572399,158.88,2.0677427306122937,32.333333333333336,260.65000000000003,-69.51666666666667,-104.51666666666667,23.150000000000002,28.116733333333332,-31.95208333333333,6,NAVIRE-2399,Panama,Container Ship
566835528,159.07500000000002,2.0097537162548136,28.683333333333334,151.41666666666666,-64.06666666666666,-90.45,16.71666666666667,7.109466666666665,-15.619283333333334,6,NAVIRE-5528,Malta,Tanker
567624139,159.03,1.9032453486460645,36.0,168.4625,-62.5,-97.0375,37.125,45.8346375,-56.144149999999996,8,NAVIRE-4139,Malta,Fishing Vessel
567867003,158.25428571428571,1.2444256659580966,31.014285714285712,235.92857142857142,-54.457142857142856,-91.2,20.400000000000002,19.9983,67.40578571428571,7,NAVIRE-7003,USA,Container Ship
568118485,159.79888888888888,1.4764014058212984,33.0,345.1666666666667,-59.300000000000004,-96.42222222222222,22.044444444444444,-2.8615777777777773,53.69231111111111,9,NAVIRE-8485,Panama,Fishing Vessel
568947254,159.51999999999998,1.1166019881766243,33.733333333333334,264.26666666666665,-76.93333333333334,-101.66666666666667,20.366666666666664,-11.967533333333334,-40.32646666666667,3,NAVIRE-7254,Bahamas,Fishing Vessel
570192084,158.93,2.4526414332307134,34.5,263.76,-66.0,-90.24,25.08,-15.230100000000002,-18.301979999999997,5,NAVIRE-2084,Malta,Fishing Vessel
570320500,159.502,1.3238088985952638,26.32,183.18,-69.74,-95.36,20.919999999999998,-21.77626,-5.27482,5,NAVIRE-0500,France,General Cargo
570452367,159.208,1.4373308596144418,38.980000000000004,281.36,-74.44,-89.97999999999999,26.68,31.39606,11.849160000000001,5,NAVIRE-2367,Malta,Fishing Vessel
570495346,158.78,0.18384776310849593,24.7,368.1,-72.1,-92.8,31.0,55.6051,-106.26325,2,NAVIRE-5346,Panama,Bulk Carrier
570937640,157.16,0.3111269837220793,40.3,152.85,-94.55000000000001,-89.5,32.0,10.985700000000001,-104.70665,2,NAVIRE-7640,France,General Cargo
571342118,158.185,1.907294269002936,25.825000000000003,202.5625,-44.6125,-85.1875,26.674999999999997,-26.287275,-16.7237375,8,NAVIRE-2118,USA,Tanker
571770455,159.63333333333333,2.1238016228766314,28.166666666666668,245.13333333333333,-100.60000000000001,-90.13333333333333,30.833333333333332,19.578366666666668,3.338766666666667,3,NAVIRE-0455,Panama,Passenger Ship
571927479,158.57500000000002,1.5145263285925397,24.016666666666666,320.98333333333335,-63.54999999999999,-79.58333333333333,21.983333333333334,-1.0404333333333327,-24.649183333333337,6,NAVIRE-7479,Malta,Passenger Ship
572005284,159.99,1.2668227973951158,21.416666666666668,307.1333333333333,-77.76666666666667,-84.66666666666667,13.533333333333331,-4.155133333333332,45.68461666666667,6,NAVIRE-5284,Malta,Fishing Vessel
572199062,159.974,1.5765405164473287,26.5,257.46,-61.18000000000001,-76.64,22.48,3.9047799999999997,-12.542159999999996,5,NAVIRE-9062,Malta,Fishing Vessel
572400748,156.97,1.2869343417595116,29.799999999999997,270.75,-78.65,-99.25,31.75,45.968,73.5723,2,NAVIRE-0748,Bahamas,Container Ship
573145682,159.7225,1.7693007093199373,16.7,429.975,-65.475,-87.125,29.025,32.429625,-24.016875000000002,4,NAVIRE-5682,Marshall Islands,Passenger Ship
573332179,158.0,0.25455844122716675,35.05,321.15,-52.75,-92.69999999999999,24.0,-51.655550000000005,-39.6864,2,NAVIRE-2179,Malta,Container Ship
574475615,158.29,1.9050459312048111,28.314285714285713,223.35714285714286,-71.84285714285714,-94.85714285714286,29.071428571428573,28.08757142857143,-82.55865714285714,7,NAVIRE-5615,Bahamas,Bulk Carrier
575896922,159.2057142857143,2.5113001754924764,25.2,137.82857142857142,-87.18571428571428,-79.95714285714287,20.685714285714287,6.3138571428571435,-36.14371428571428,7,NAVIRE-6922,Malta,Bulk Carrier
576154640,158.58800000000002,0.6701641589938983,28.860000000000003,193.1,-80.76,-93.42,34.5,-7.8725799999999975,-80.61836,5,NAVIRE-4640,Singapore,Container Ship
577242803,159.642,1.5546607346942358,30.54,198.72,-68.52000000000001,-98.58,28.48,11.467059999999998,-84.37465999999999,5,NAVIRE-2803,China,Bulk Carrier
578585585,158.14499999999998,1.6755198198370107,28.175,285.625,-58.375,-92.875,23.775,27.2498,-26.607799999999997,4,NAVIRE-5585,Bahamas,Fishing Vessel
579409855,159.45749999999998,1.8631223792333098,22.85,305.575,-67.375,-74.2,16.7,-19.067524999999996,104.904925,4,NAVIRE-9855,Panama,Fishing Vessel
580046531,158.57666666666668,1.7048597205244433,26.066666666666666,310.1666666666667,-52.48333333333333,-92.45,26.599999999999998,-12.197033333333332,-95.08126666666668,6,NAVIRE-6531,Marshall Islands,Container Ship
580125089,161.1125,0.9344294159182485,33.45,362.95,-72.675,-95.25,30.175,-13.993149999999996,-9.2216,4,NAVIRE-5089,France,Tanker
580232268,159.75666666666666,2.1947513146899507,28.7,214.86666666666667,-57.5,-83.0,20.866666666666667,7.247166666666666,46.01606666666667,3,NAVIRE-2268,Denmark,Bulk Carrier
580586117,158.54500000000002,0.8623031176255089,34.1,288.27500000000003,-89.72500000000001,-101.875,28.95,-10.153775,10.5321,4,NAVIRE-6117,Singapore,Bulk Carrier
580720286,156.47,0.18384776310849593,12.55,208.45,-83.85,-98.95,21.7,56.28375,-22.14825,2,NAVIRE-0286,Panama,General Cargo
581386673,158.70000000000002,2.001574380331649,25.53333333333333,290.53333333333336,-42.23333333333333,-75.56666666666666,23.933333333333334,2.016433333333334,-11.261566666666667,3,NAVIRE-6673,Panama,Bulk Carrier
583562034,159.66285714285712,1.719706508736434,32.4,293.54285714285714,-61.285714285714285,-92.21428571428571,16.714285714285715,-13.725328571428568,28.87531428571429,7,NAVIRE-2034,Malta,Bulk Carrier
583773375,159.29666666666665,1.3902997278764442,27.866666666666664,279.43333333333334,-88.83333333333333,-76.0,11.366666666666667,31.5339,-43.692366666666665,3,NAVIRE-3375,Marshall Islands,Bulk Carrier
583912546,159.65833333333333,1.2307138849735335,32.81666666666667,316.2,-59.26666666666667,-85.0,35.63333333333333,3.243449999999999,17.606166666666667,6,NAVIRE-2546,Liberia,Fishing Vessel
584940566,159.958,1.5189042102779216,37.82,271.32,-59.7,-92.32000000000001,37.46,-33.78923999999999,-23.84948,5,NAVIRE-0566,Denmark,General Cargo
585113614,160.29166666666666,1.6657180633788797,29.816666666666666,161.46666666666667,-70.25,-90.45,22.583333333333332,30.133766666666663,-30.66853333333333,6,NAVIRE-3614,Malta,General Cargo
585807313,158.375,1.9990172585548134,28.566666666666666,288.8333333333333,-56.98333333333333,-94.0,23.666666666666668,-9.6395,-28.38506666666667,6,NAVIRE-7313,China,Fishing Vessel
586349749,160.4625,0.9866568130138583,35.975,314.075,-70.7,-85.25,21.4,13.3849,73.502325,4,NAVIRE-9749,Panama,General Cargo
587194626,158.27,1.7242679606139983,30.73333333333333,262.53333333333336,-54.73333333333333,-97.39999999999999,27.3,-1.915466666666667,-157.63223333333335,3,NAVIRE-4626,Liberia,Fishing Vessel
587285928,158.33666666666667,1.8570909150245372,28.05,190.9,-62.833333333333336,-88.64999999999999,29.383333333333336,2.04715,34.44448333333333,6,NAVIRE-5928,Panama,Bulk Carrier
588758491,158.86999999999998,1.4996555159991565,34.41428571428572,182.82857142857142,-68.3,-85.37142857142858,24.714285714285715,-20.602771428571426,-11.985528571428572,7,NAVIRE-8491,Marshall Islands,Fishing Vessel
588766776,158.72,1.5614736629223107,33.875,233.45,-71.375,-85.2,10.275,-24.35865,8.215074999999995,4,NAVIRE-6776,Singapore,Bulk Carrier
591088258,157.948,1.3951057307601973,32.519999999999996,308.66,-60.96,-97.53999999999999,24.24,-18.38524,-42.98706,5,NAVIRE-8258,France,Container Ship
591277434,160.55666666666664,1.0210452161061698,38.43333333333333,330.73333333333335,-71.36666666666667,-88.83333333333333,35.733333333333334,-44.416799999999995,-55.373766666666675,3,NAVIRE-7434,China,Bulk Carrier
591313077,159.82000000000002,2.0297093387970655,28.516666666666666,263.4833333333333,-79.8,-79.81666666666666,16.633333333333333,-3.29725,-20.318266666666663,6,NAVIRE-3077,USA,Tanker
591498401,160.488,1.51361157500859,27.060000000000002,267.03999999999996,-87.62,-88.72,23.48,-21.27102,36.68066,5,NAVIRE-8401,Denmark,Container Ship
592309524,157.9325,1.7421514476837783,25.025,355.05,-71.5,-97.1,22.55,12.288999999999998,-25.805625,4,NAVIRE-9524,Malta,General Cargo
592723540,157.91,,23.8,479.5,-92.3,-65.1,30.4,30.1665,-54.8597,1,NAVIRE-3540,Marshall Islands,Fishing Vessel
593228934,159.87833333333333,1.6282679959597064,34.666666666666664,308.7166666666667,-66.01666666666667,-73.95,20.1,19.409333333333333,-25.73323333333333,6,NAVIRE-8934,Liberia,Passenger Ship
593778451,159.42,1.7770087225447062,28.0,279.2,-70.86666666666666,-77.7,32.833333333333336,-3.4630833333333335,-31.086533333333335,6,NAVIRE-8451,France,General Cargo
595349224,159.6,1.7454283141968316,35.06666666666666,232.5,-41.416666666666664,-91.58333333333333,28.73333333333333,19.05455,-54.79825,6,NAVIRE-9224,France,Tanker
597091746,158.3775,1.8419079781574286,31.95,230.625,-66.875,-90.35,22.775,-38.48945,90.402425,4,NAVIRE-1746,France,General Cargo
597682613,158.946,1.0693596214557521,31.48,279.97999999999996,-69.12,-97.64,28.119999999999997,-21.041919999999998,-33.6785,5,NAVIRE-2613,Bahamas,Tanker
598230058,158.87125,1.9341697185097213,35.075,310.2375,-60.8875,-88.975,28.325,16.1573625,2.5226374999999983,8,NAVIRE-0058,USA,General Cargo
598468769,158.63166666666666,0.9589456015158839,31.166666666666668,334.75,-55.699999999999996,-91.55,17.8,16.434233333333335,-29.189633333333333,6,NAVIRE-8769,France,Tanker
598504483,159.36375,2.069388712363422,34.075,188.8125,-76.45,-90.85,26.7875,-10.4860125,-27.6368625,8,NAVIRE-4483,Panama,Fishing Vessel
599067818,158.4975,2.188551651968336,33.400000000000006,257.5,-53.2,-89.7,20.95,31.621175,90.71105,4,NAVIRE-7818,Panama,Tanker
599501374,158.33125,1.1662937329114649,26.5,299.8375,-77.625,-102.08749999999999,39.325,24.2295875,7.765787499999999,8,NAVIRE-1374,USA,Passenger Ship
599525298,159.202,1.621594893923879,30.28,272.74,-85.4,-91.24,26.52,5.551399999999998,69.00018,5,NAVIRE-5298,Denmark,Passenger Ship
600006033,158.79375,1.8396966947221014,25.7,251.3125,-66.8875,-100.55,16.1875,3.0657250000000005,-35.2982875,8,NAVIRE-6033,USA,General Cargo
600283742,160.48000000000002,1.3105914695281682,24.78,365.08000000000004,-73.2,-85.53999999999999,14.419999999999998,-7.80334,-2.9791199999999947,5,NAVIRE-3742,France,Passenger Ship
601362648,159.58599999999998,0.9385787127353854,22.36,267.46,-74.08,-81.72,25.139999999999997,-28.380860000000002,6.772039999999999,5,NAVIRE-2648,Panama,Bulk Carrier
602448584,159.145,3.66988419435818,25.450000000000003,184.5,-100.0,-107.30000000000001,27.700000000000003,35.1978,3.6936000000000035,2,NAVIRE-8584,Denmark,Tanker
603186147,159.77,1.5813917920616674,36.36,153.4,-77.74,-95.4,30.5,-55.693619999999996,-19.43202,5,NAVIRE-6147,Malta,Fishing Vessel
604101348,159.73555555555555,1.4063437623062798,27.922222222222224,186.4111111111111,-75.62222222222222,-91.14444444444445,21.200000000000003,14.582033333333332,-1.3429888888888906,9,NAVIRE-1348,USA,Passenger Ship
604824558,158.38714285714286,1.416141639405157,34.24285714285714,347.1857142857143,-64.68571428571428,-82.12857142857142,16.685714285714287,11.067157142857143,24.816371428571433,7,NAVIRE-4558,Denmark,Passenger Ship
604969493,161.79,,41.0,171.5,-85.6,-82.1,47.1,-25.6173,-91.6923,1,NAVIRE-9493,China,Container Ship
606592283,160.06,2.153973073183605,29.233333333333334,204.1,-50.26666666666667,-82.89999999999999,46.56666666666666,57.555299999999995,56.51083333333332,3,NAVIRE-2283,USA,Container Ship
607056461,158.46833333333333,1.8044546729321467,25.383333333333336,266.71666666666664,-87.96666666666665,-84.96666666666667,25.8,-13.607883333333334,1.0055000000000003,6,NAVIRE-6461,Singapore,Passenger Ship
607110638,157.842,1.793911926489147,26.26,231.28000000000003,-77.2,-87.6,20.5,55.89316,-6.252300000000003,5,NAVIRE-0638,Singapore,Passenger Ship
607651473,158.49666666666667,1.7998333256165828,29.922222222222224,150.97777777777776,-70.41111111111111,-91.15555555555555,20.72222222222222,-12.682544444444448,19.892277777777775,9,NAVIRE-1473,Panama,Bulk Carrier
607981004,158.7057142857143,1.955733938473025,26.62857142857143,268.2142857142857,-66.8,-89.22857142857143,18.557142857142857,-25.346014285714286,-37.43422857142857,7,NAVIRE-1004,Liberia,Passenger Ship
608090942,159.22714285714284,1.4967265869859074,34.27142857142857,248.45714285714286,-59.27142857142858,-101.55714285714285,29.928571428571427,-19.996457142857146,59.281200000000005,7,NAVIRE-0942,France,Bulk Carrier
608121001,160.14249999999998,1.576924749842757,20.8,218.7,-68.35,-82.85,17.349999999999998,-8.221025,-38.828649999999996,4,NAVIRE-1001,China,Bulk Carrier
608459693,158.90111111111113,1.8192886277639182,25.377777777777776,267.72222222222223,-75.25555555555555,-92.08888888888889,21.711111111111112,23.496955555555555,-4.201844444444447,9,NAVIRE-9693,Malta,Bulk Carrier
609473975,158.81375,2.081036400450512,27.0875,270.85,-82.0625,-88.0375,25.5875,28.2633375,-55.515825,8,NAVIRE-3975,USA,Passenger Ship
609530496,158.57,2.2948825055513646,28.4,204.025,-51.25,-88.7,29.675,8.347137500000002,-45.7037,8,NAVIRE-0496,Panama,Fishing Vessel
610514358,158.445,1.6475588001646746,30.05,327.35,-70.85,-71.19999999999999,46.7,48.9671,-5.287700000000001,2,NAVIRE-4358,Marshall Islands,Fishing Vessel
610868842,158.71333333333334,0.5391041952474016,24.2,307.46666666666664,-68.83333333333333,-80.63333333333334,14.466666666666669,33.738566666666664,-6.509066666666669,3,NAVIRE-8842,Singapore,Tanker
611040535,160.178,1.3425609855794236,27.54,228.71999999999997,-92.7,-94.88,24.419999999999998,43.9533,64.26826,5,NAVIRE-0535,China,Passenger Ship
611865374,158.8014285714286,1.9260272460120909,25.0,247.27142857142857,-80.95714285714287,-79.44285714285715,20.642857142857142,27.151885714285715,63.47784285714285,7,NAVIRE-5374,Marshall Islands,Fishing Vessel
611918295,159.70111111111112,2.0020142634634515,26.1,223.04444444444445,-74.73333333333333,-92.14444444444445,26.655555555555555,-4.959088888888889,-18.172644444444444,9,NAVIRE-8295,China,Bulk Carrier
612140966,159.025,0.21920310216783134,13.899999999999999,91.3,-76.9,-62.650000000000006,34.65,-74.48885,47.98895,2,NAVIRE-0966,Marshall Islands,Container Ship
613708156,159.98250000000002,2.2210714381427183,33.625,296.05,-79.7,-81.8,25.225,25.8816,23.154075000000002,4,NAVIRE-8156,Marshall Islands,Fishing Vessel
613718689,158.615,2.2075574737704966,32.233333333333334,227.29999999999998,-53.13333333333333,-91.55,28.016666666666666,3.466383333333333,15.8221,6,NAVIRE-8689,China,Fishing Vessel
613845594,157.80599999999998,1.3105838393632019,23.98,395.46,-82.76,-92.41999999999999,21.48,-46.71006,-75.4311,5,NAVIRE-5594,Bahamas,Tanker
613973879,157.704,1.0070898668937096,33.92,276.64,-80.34,-95.36,23.74,-34.790800000000004,-59.92818,5,NAVIRE-3879,China,Bulk Carrier
614022050,156.79,0.5957348403442722,36.56666666666666,317.23333333333335,-91.03333333333335,-92.93333333333334,5.8999999999999995,1.4712999999999994,-26.74996666666667,3,NAVIRE-2050,Panama,Fishing Vessel
614309377,158.66500000000002,1.7898323943878047,32.4,353.375,-81.225,-91.675,23.5,-4.0245000000000015,26.03295,4,NAVIRE-9377,Marshall Islands,Tanker
614687847,158.255,1.4089594269057755,27.525000000000002,201.075,-88.225,-112.7,21.425,22.477800000000002,-33.797825,4,NAVIRE-7847,China,Passenger Ship
614933936,157.66750000000002,1.3898051422171898,17.5,306.85,-67.95,-89.75,17.150000000000002,13.043075,9.798899999999996,4,NAVIRE-3936,Singapore,General Cargo
616945014,158.64714285714285,1.4740614447359923,31.8,252.4857142857143,-73.04285714285713,-97.35714285714286,27.842857142857145,-40.802228571428564,-19.149442857142862,7,NAVIRE-5014,USA,General Cargo
619240990,160.22,1.4502413592226733,25.160000000000004,339.54,-47.86,-82.24,18.32,-52.7461,28.813280000000002,5,NAVIRE-0990,Marshall Islands,Bulk Carrier
619375900,156.89,0.8061017305526645,40.4,391.7,-81.45,-85.5,13.649999999999999,-49.051500000000004,37.063199999999995,2,NAVIRE-5900,Singapore,General Cargo
620065675,159.686,1.4820863672539537,31.28,290.84000000000003,-59.58,-89.97999999999999,23.04,-32.79714,119.07611999999999,5,NAVIRE-5675,France,Container Ship
620300412,159.546,1.6831458641484394,28.04,321.18,-41.8,-83.84,31.48,19.070320000000002,-8.163499999999999,5,NAVIRE-0412,Panama,Container Ship
621733378,158.30625,2.018266140598346,26.575,214.1375,-75.35,-74.3375,26.025,-11.485475000000001,-85.6269125,8,NAVIRE-3378,Singapore,General Cargo
621889321,157.79,,44.1,258.0,-21.7,-119.1,26.0,15.8427,171.4179,1,NAVIRE-9321,France,Container Ship
624645703,159.47142857142856,1.9558155040070377,26.314285714285713,246.70000000000002,-64.3,-91.88571428571429,22.87142857142857,5.456128571428569,-16.306700000000003,7,NAVIRE-5703,Liberia,Tanker
624716449,159.712,0.5965484054123351,23.82,335.1,-69.56,-89.08,27.68,-8.753980000000002,-20.803259999999995,5,NAVIRE-6449,Marshall Islands,General Cargo
624983313,158.745,1.4081784924741232,33.4,386.475,-86.225,-109.8,24.925,-8.63895,72.968475,4,NAVIRE-3313,Marshall Islands,Container Ship
625178192,158.78666666666666,1.6186825919040806,23.733333333333334,307.56666666666666,-77.2,-88.63333333333333,45.5,36.42466666666667,11.834766666666667,3,NAVIRE-8192,Singapore,Passenger Ship
625441675,158.59,,26.9,412.0,-23.0,-101.2,21.1,76.5306,110.0971,1,NAVIRE-1675,Marshall Islands,Passenger Ship
625555616,159.83875,1.2316590147323376,25.1,177.225,-75.1125,-93.0625,28.7625,-40.0742875,-4.1647124999999985,8,NAVIRE-5616,Panama,Tanker
627568457,158.934,1.157143033509679,26.74,290.21999999999997,-72.8,-97.17999999999999,30.48,1.331040000000001,-16.288960000000003,5,NAVIRE-8457,France,Container Ship
628571464,158.61,1.0256055122056673,19.0,289.225,-65.55,-91.725,25.675,36.318625000000004,-5.4848499999999945,4,NAVIRE-1464,China,Passenger Ship
629456642,159.71,,25.3,332.0,-89.9,-118.7,12.3,36.9241,122.3845,1,NAVIRE-6642,Bahamas,Passenger Ship
629607462,159.29500000000002,2.0479990234372627,21.45,312.55,-81.225,-77.925,25.525,-39.361,60.995400000000004,4,NAVIRE-7462,Panama,Bulk Carrier
629949963,159.195,0.47376154339496795,29.75,138.05,-95.75,-74.05,28.950000000000003,-52.884,-38.8789,2,NAVIRE-9963,France,Passenger Ship
630180360,158.19833333333335,1.199156648093434,33.45,324.5166666666667,-55.833333333333336,-95.55,21.21666666666667,35.4641,-3.7140999999999997,6,NAVIRE-0360,Panama,Container Ship
630611193,159.8325,1.3568683306300027,27.075000000000003,152.85,-92.325,-79.175,31.599999999999998,-36.960025,-100.281975,4,NAVIRE-1193,Marshall Islands,Bulk Carrier
630752895,159.47857142857143,1.4209671421421493,32.65714285714286,242.22857142857143,-82.14285714285714,-94.21428571428571,25.7,-13.838385714285716,-13.2703,7,NAVIRE-2895,China,Fishing Vessel
630842944,160.234,1.1484032392848755,30.159999999999997,265.46,-87.72,-94.75999999999999,27.2,-28.35106,-10.041659999999993,5,NAVIRE-2944,USA,Container Ship
630898988,159.74666666666667,2.0217896362711305,36.03333333333333,430.40000000000003,-62.26666666666667,-82.8,22.766666666666666,-12.656033333333333,-60.37893333333334,3,NAVIRE-8988,China,Tanker
631257671,158.182,2.2345625970198335,32.260000000000005,228.8,-82.53999999999999,-92.76,21.4,2.3236200000000005,7.164859999999999,5,NAVIRE-7671,Bahamas,Passenger Ship
632129532,158.89111111111112,1.6776281206247914,33.46666666666667,217.32222222222222,-71.96666666666667,-86.06666666666666,21.27777777777778,3.110733333333334,3.4017222222222205,9,NAVIRE-9532,Denmark,Fishing Vessel
632636162,158.78166666666667,2.050447918545272,22.983333333333334,303.6666666666667,-82.98333333333333,-112.03333333333335,38.06666666666667,13.488550000000002,-7.7929666666666675,6,NAVIRE-6162,USA,Fishing Vessel
632924730,159.0025,2.510024900274896,30.1,276.725,-75.125,-83.75,32.625,40.2926,-39.65905,4,NAVIRE-4730,Malta,Fishing Vessel
633114101,158.24333333333334,0.5307855813163448,22.0,194.0666666666667,-77.36666666666666,-103.13333333333333,31.599999999999998,20.78663333333333,46.77763333333334,3,NAVIRE-4101,China,Container Ship
634057757,158.60333333333335,1.0220730567495337,36.166666666666664,62.26666666666666,-91.93333333333334,-92.8,43.1,-13.8593,-8.440600000000003,3,NAVIRE-7757,Liberia,Passenger Ship
634142832,158.03199999999998,2.4625941606362964,36.019999999999996,334.12,-44.18,-101.92,28.860000000000003,11.92262,20.746040000000004,5,NAVIRE-2832,Singapore,Tanker
636086009,158.63,2.595505731066689,27.82,245.6,-62.44000000000001,-85.4,23.42,-0.25869999999999926,-51.12364,5,NAVIRE-6009,Liberia,General Cargo
636613948,160.36200000000002,1.2504279267514768,27.439999999999998,229.32,-75.22,-85.96000000000001,16.380000000000003,13.36302,-1.1559199999999983,5,NAVIRE-3948,Liberia,Container Ship
636673685,159.038,2.784541254856893,24.919999999999998,212.06,-63.54,-83.74,32.68,-1.9377400000000022,52.11922,5,NAVIRE-3685,Malta,Passenger Ship
637173265,161.54,,14.9,35.6,-69.8,-94.5,49.9,-70.6719,-161.9717,1,NAVIRE-3265,Denmark,Bulk Carrier
637825183,159.15333333333334,2.7795383309703183,31.633333333333336,207.76666666666665,-70.43333333333334,-94.10000000000001,21.86666666666667,19.981866666666672,-23.505566666666663,3,NAVIRE-5183,Marshall Islands,Fishing Vessel
637883177,157.50857142857143,1.2333751601659089,31.099999999999998,177.02857142857144,-77.3,-80.77142857142857,24.071428571428573,16.12225714285714,-52.00462857142857,7,NAVIRE-3177,Panama,Tanker
638790258,159.86375,1.8602068817357775,27.7625,197.79999999999998,-58.4875,-94.8375,19.6375,21.544987499999998,40.5134375,8,NAVIRE-0258,Liberia,General Cargo
639076915,158.98666666666665,2.5747206968264797,27.633333333333336,198.0,-58.833333333333336,-91.76666666666667,25.51666666666667,-15.009133333333331,-18.107466666666664,6,NAVIRE-6915,Liberia,Container Ship
641088694,159.42333333333332,1.3063792200837592,40.68333333333333,339.0833333333333,-70.68333333333332,-90.45,20.150000000000002,-36.11981666666667,-5.278399999999995,6,NAVIRE-8694,Singapore,General Cargo
641127136,159.93833333333333,1.2921364737002954,34.43333333333333,287.3333333333333,-75.88333333333334,-85.64999999999999,26.7,14.102783333333335,-30.563883333333333,6,NAVIRE-7136,Bahamas,General Cargo
641208534,159.922,1.1739335585969,25.4,187.28000000000003,-49.260000000000005,-101.66,23.34,-10.075239999999999,-58.39702,5,NAVIRE-8534,Malta,Container Ship
641636735,159.00799999999998,1.3448122545545134,29.02,296.02,-77.74,-80.25999999999999,17.14,12.774339999999997,-44.340920000000004,5,NAVIRE-6735,France,Bulk Carrier
641942797,158.372,2.0277006682446985,27.46,234.24,-67.76,-101.67999999999999,14.0,-4.98138,53.34146,5,NAVIRE-2797,Marshall Islands,Passenger Ship
642006437,160.35666666666665,1.9013766942227093,38.53333333333333,220.26666666666665,-87.86666666666667,-86.56666666666666,18.366666666666667,26.701466666666665,90.48683333333334,3,NAVIRE-6437,Marshall Islands,Bulk Carrier
642476777,159.27333333333334,0.5844940832320932,43.4,380.8333333333333,-76.43333333333334,-99.46666666666665,32.46666666666667,-69.7999,-24.041766666666664,3,NAVIRE-6777,China,Fishing Vessel
642530542,159.14,2.337070816214171,22.03333333333333,347.59999999999997,-58.0,-87.83333333333333,23.866666666666664,33.60523333333334,17.489033333333328,3,NAVIRE-0542,Liberia,General Cargo
642979664,159.45333333333335,1.1788695149732846,36.13333333333333,286.93333333333334,-41.93333333333334,-95.86666666666667,30.666666666666668,-5.4188,-10.703933333333334,3,NAVIRE-9664,Singapore,Passenger Ship
643668564,158.95428571428573,1.772558011677454,24.814285714285713,271.1714285714286,-65.57142857142857,-85.64285714285714,32.714285714285715,-5.352185714285713,45.95187142857143,7,NAVIRE-8564,France,Fishing Vessel
643906365,159.78166666666667,1.4027318584343496,30.583333333333332,352.48333333333335,-85.39999999999999,-89.38333333333333,10.066666666666666,38.860216666666666,100.02821666666667,6,NAVIRE-6365,Malta,Container Ship
644494022,158.46,1.678082238747555,32.96666666666667,92.38333333333333,-74.33333333333333,-81.58333333333333,22.766666666666666,27.226033333333334,-85.18253333333334,6,NAVIRE-4022,Singapore,Container Ship
645040370,159.48,1.8180392368336418,35.375,247.325,-61.949999999999996,-70.7,19.75,-0.6476250000000009,41.550250000000005,4,NAVIRE-0370,Liberia,Tanker
645475822,159.9,1.5670354175959125,24.714285714285715,265.42857142857144,-76.27142857142857,-82.11428571428571,25.157142857142855,23.83192857142857,-5.481385714285714,7,NAVIRE-5822,Singapore,Tanker
646035868,158.36,1.3435028842544543,47.75,60.75,-40.25,-83.94999999999999,26.8,-24.391199999999998,12.35445,2,NAVIRE-5868,Singapore,Container Ship
647153817,161.28,,22.7,312.2,-22.3,-60.5,21.7,-41.8289,126.742,1,NAVIRE-3817,China,General Cargo
647288961,160.58666666666667,0.710375487565097,21.866666666666664,363.9666666666667,-55.199999999999996,-87.06666666666666,28.53333333333333,32.7909,28.3122,3,NAVIRE-8961,Denmark,Container Ship
647506411,156.07,,25.5,67.2,-32.9,-77.0,9.3,-25.2734,96.0032,1,NAVIRE-6411,Marshall Islands,Fishing Vessel
647805776,158.57999999999998,2.1857111733560144,27.375,235.2,-88.89999999999999,-94.5,37.725,19.836949999999998,44.81,4,NAVIRE-5776,Bahamas,Bulk Carrier
647830647,159.42222222222222,1.7647434500358512,31.799999999999997,341.8888888888889,-80.53333333333333,-90.6888888888889,22.27777777777778,-6.673577777777778,27.39617777777778,9,NAVIRE-0647,Panama,Bulk Carrier
647913365,158.79666666666665,1.8428203023264782,34.983333333333334,326.93333333333334,-60.13333333333333,-92.45,31.099999999999998,-32.5287,41.46476666666667,6,NAVIRE-3365,France,Fishing Vessel
648657172,160.8775,1.0654068080628492,28.05,164.375,-69.125,-88.65,14.725,19.05015,-81.68697499999999,4,NAVIRE-7172,Denmark,Container Ship
648721599,158.894,1.6718642289372665,33.86,229.68,-70.38,-82.22,23.78,-16.15622,-24.031600000000005,5,NAVIRE-1599,Panama,Passenger Ship
649179064,159.02,1.5591183406015083,40.18,166.68,-77.24,-88.6,26.7,-24.547099999999997,-0.3829800000000006,5,NAVIRE-9064,Panama,Tanker
649886379,158.98,2.347594513539333,36.65,196.35,-83.4,-90.94999999999999,41.05,59.4851,2.795599999999993,2,NAVIRE-6379,USA,General Cargo
650238672,159.43125,1.615694786417642,24.2375,204.7375,-40.7,-98.4625,23.5625,19.214100000000002,17.213624999999997,8,NAVIRE-8672,Singapore,Container Ship
652343612,158.995,2.419979338754775,29.075,345.675,-64.25,-97.95,28.975,-8.261724999999998,-16.68515,4,NAVIRE-3612,USA,General Cargo
652847414,158.882,2.001716763181046,27.28,293.48,-57.7,-89.5,24.44,-14.768799999999999,18.887279999999997,5,NAVIRE-7414,Malta,Tanker
652949635,158.3975,1.301956860524441,31.475,263.4,-63.875,-83.32499999999999,18.55,17.542125,-86.790025,4,NAVIRE-9635,Singapore,Bulk Carrier
653490597,160.2,1.4994165531966241,29.6,233.21999999999997,-82.3,-77.67999999999999,31.48,7.52666,-7.034580000000003,5,NAVIRE-0597,Singapore,Fishing Vessel
654243705,158.776,1.6193084943888874,24.72,247.71999999999997,-72.72999999999999,-86.66,26.52,29.24416,-8.383369999999996,10,NAVIRE-3705,USA,Container Ship
656481138,159.29125,1.9486730833349855,30.8375,304.2875,-67.8125,-85.3125,20.05,-30.661974999999998,36.873000000000005,8,NAVIRE-1138,Panama,Fishing Vessel
656938489,160.66,,19.4,199.9,-68.6,-118.7,47.3,42.8482,59.2483,1,NAVIRE-8489,Panama,Tanker
657721811,159.35,1.2532757078951136,30.47142857142857,257.6,-60.885714285714286,-86.68571428571428,32.51428571428571,15.078257142857144,7.599014285714291,7,NAVIRE-1811,China,Passenger Ship
659248773,158.44400000000002,1.8929289474251192,34.34,252.9,-64.26,-87.52000000000001,19.06,9.52568,-42.9233,5,NAVIRE-8773,Malta,Fishing Vessel
659326175,159.32125,1.9664575655586505,26.9125,247.4375,-68.65,-85.175,26.6,14.2294125,23.150475,8,NAVIRE-6175,Liberia,Bulk Carrier
659731996,160.35,0.4248529157249573,33.64,195.44,-59.839999999999996,-97.5,34.56,7.9031400000000005,-18.92598,5,NAVIRE-1996,Bahamas,Tanker
660008982,158.441,1.4031587381492052,24.3,244.35,-70.36,-84.99,22.22,-2.3151899999999994,41.86935999999999,10,NAVIRE-8982,Marshall Islands,Tanker
660103569,157.41166666666666,1.3017897935790868,36.766666666666666,207.41666666666666,-68.7,-88.3,19.633333333333336,-44.08095,41.2286,6,NAVIRE-3569,Liberia,Container Ship
660140090,159.9475,2.2414931779210763,26.65,227.975,-58.525,-75.05,31.725,10.706275000000002,15.270900000000005,4,NAVIRE-0090,France,Passenger Ship
660326323,157.975,2.0110967157250355,22.71666666666667,280.03333333333336,-77.55,-98.28333333333335,13.683333333333332,6.807783333333336,-29.111783333333335,6,NAVIRE-6323,Singapore,General Cargo
660617716,159.55999999999997,2.418697996856974,29.400000000000002,197.20000000000002,-67.3,-88.83333333333333,25.333333333333332,11.591299999999999,-44.36006666666666,3,NAVIRE-7716,Denmark,General Cargo
661759768,159.6457142857143,1.7711564691170651,28.514285714285712,289.37142857142857,-68.22857142857143,-84.82857142857142,20.8,-5.847228571428573,29.1025,7,NAVIRE-9768,Singapore,General Cargo
662348240,158.62,0.5656854249492461,21.049999999999997,260.1,-47.9,-99.9,24.15,27.09725,17.044900000000002,2,NAVIRE-8240,Denmark,Passenger Ship
664640837,158.85,1.6611527838909237,32.2125,145.8125,-79.5,-96.1625,31.737499999999997,16.1307375,-54.656675,8,NAVIRE-0837,Singapore,Container Ship
665043604,159.586,1.3447602016716622,27.360000000000003,167.16,-66.74000000000001,-87.02000000000001,29.72,8.08156,42.70620000000001,5,NAVIRE-3604,China,Tanker
665395794,157.82,1.7286700089953484,28.599999999999998,197.83333333333334,-60.86666666666667,-93.2,43.1,-23.0608,32.449333333333335,3,NAVIRE-5794,Marshall Islands,Fishing Vessel
666033258,158.06,2.129260434986759,26.939999999999998,256.82,-49.02,-94.02000000000001,30.560000000000002,36.03954,14.565320000000003,5,NAVIRE-3258,Panama,Bulk Carrier
666126066,160.385,1.442162727757631,32.425,343.075,-68.125,-91.25,23.05,-19.331225000000003,-35.68437499999999,4,NAVIRE-6066,Liberia,Passenger Ship
667225274,158.82,1.2828354012369254,31.075,291.65,-80.225,-106.44999999999999,22.975,26.104824999999998,-9.729075,4,NAVIRE-5274,Denmark,General Cargo
667673622,158.11666666666667,1.3270066566022443,31.849999999999998,126.63333333333334,-68.48333333333333,-84.46666666666667,27.666666666666668,-6.754433333333334,-31.9156,6,NAVIRE-3622,Denmark,Container Ship
667865493,158.99555555555557,2.262427408289112,24.177777777777777,289.22222222222223,-79.84444444444445,-80.9,30.077777777777776,-7.167411111111111,16.61752222222222,9,NAVIRE-5493,Marshall Islands,Passenger Ship
668956359,159.54142857142855,1.9642931601590479,29.442857142857143,237.81428571428572,-61.214285714285715,-78.81428571428572,19.32857142857143,-5.3347428571428575,-25.118957142857145,7,NAVIRE-6359,Malta,General Cargo
669664879,159.345,1.823631907302939,36.175,265.375,-68.775,-71.725,33.25,-19.075300000000002,2.5914499999999947,4,NAVIRE-4879,Liberia,Container Ship
671354147,158.275,1.855529574003066,31.03333333333333,235.28333333333333,-76.21666666666667,-102.3,29.166666666666668,11.270033333333336,-10.208066666666664,6,NAVIRE-4147,Singapore,Fishing Vessel
671439793,158.985,3.966869042456511,24.2,393.95,-50.5,-77.95,38.5,16.50945,-107.60325,2,NAVIRE-9793,China,General Cargo
671793762,159.015,1.5485638507985475,19.9,223.35,-35.5,-94.6,14.9,-6.061449999999999,-33.5828,2,NAVIRE-3762,Singapore,Tanker
674133860,158.176,1.6308678671186134,30.560000000000002,323.38,-67.08,-87.84,25.48,8.840439999999997,-139.03928000000002,5,NAVIRE-3860,France,General Cargo
674904608,158.52333333333334,2.0360828404888998,22.866666666666664,245.26666666666665,-58.76666666666667,-89.16666666666667,29.133333333333336,-11.334266666666666,-51.52193333333333,3,NAVIRE-4608,USA,Tanker
675065379,158.755,1.4225630791939274,31.25,161.0125,-63.875,-89.575,21.5125,-21.4237,37.044762500000004,8,NAVIRE-5379,Panama,Passenger Ship
675342430,158.1575,1.9168441946769348,31.799999999999997,265.05,-44.375,-89.5,14.15,-23.292150000000003,-23.992200000000004,4,NAVIRE-2430,Marshall Islands,Container Ship
675632623,159.7975,1.650239881552589,28.5,186.95,-63.975,-106.625,25.55,-24.914525,50.365825,4,NAVIRE-2623,Malta,Tanker
675737967,158.62,,49.5,437.4,-58.2,-72.2,36.3,6.0468,118.1012,1,NAVIRE-7967,Malta,Tanker
677561700,159.99666666666667,1.427468621955195,30.46666666666667,233.21666666666667,-76.89999999999999,-80.63333333333334,16.966666666666665,-31.4995,31.158733333333334,6,NAVIRE-1700,USA,General Cargo
677959191,158.78833333333333,0.8858762140765813,29.816666666666666,251.88333333333333,-67.96666666666665,-80.60000000000001,20.083333333333332,-36.78038333333333,11.63953333333333,6,NAVIRE-9191,Denmark,Bulk Carrier
678158398,158.70125000000002,1.9635131597652822,35.475,287.0,-48.5,-92.05,25.5625,-3.2459374999999984,13.282724999999996,8,NAVIRE-8398,France,Tanker
678673276,159.4725,1.8000439809441773,22.725,317.75,-61.25,-74.8,11.45,-4.656000000000002,-72.223025,4,NAVIRE-3276,Liberia,Passenger Ship
679220360,158.24,1.3523066713335958,34.15,150.85,-70.05,-66.1,15.75,27.939925000000002,-19.560775000000007,4,NAVIRE-0360,Marshall Islands,Bulk Carrier
679498794,158.1375,2.3764732272845017,30.150000000000002,367.175,-79.325,-78.375,27.575,-20.64925,8.649825,4,NAVIRE-8794,Marshall Islands,Bulk Carrier
679504462,159.06,0.9518613344389993,35.0,241.70000000000002,-62.56666666666666,-95.2,24.099999999999998,-13.84075,-44.46723333333333,6,NAVIRE-4462,France,Fishing Vessel
679668591,159.23,2.306440258638117,30.299999999999997,242.0,-61.150000000000006,-86.7,23.775,-1.9744750000000004,-37.737399999999994,4,NAVIRE-8591,USA,Container Ship
680213971,159.7875,1.848267206511716,26.65,308.17499999999995,-56.824999999999996,-79.025,26.55,-29.060750000000002,6.181550000000001,4,NAVIRE-3971,USA,Bulk Carrier
680476451,160.1157142857143,0.5601147841546165,28.32857142857143,149.6,-58.58571428571429,-73.34285714285714,29.857142857142858,9.930171428571429,15.837514285714287,7,NAVIRE-6451,Denmark,Passenger Ship
682698033,158.666,1.8426442352710872,26.27,259.02,-69.7,-101.62,35.769999999999996,-7.73571,-31.2599,10,NAVIRE-8033,Malta,Bulk Carrier
683276186,159.238,1.3641554163657443,22.66,248.92,-85.97999999999999,-91.26,21.580000000000002,-13.54212,30.860719999999997,5,NAVIRE-6186,Bahamas,Bulk Carrier
683402053,160.0583333333333,1.4654885419772776,29.683333333333334,255.41666666666666,-77.31666666666666,-85.89999999999999,24.833333333333332,6.64375,15.274700000000005,6,NAVIRE-2053,France,Fishing Vessel
683663765,159.048,2.341979931596344,30.380000000000003,289.12,-61.760000000000005,-93.2,13.180000000000001,22.304139999999997,56.90916,5,NAVIRE-3765,Denmark,Passenger Ship
684534584,158.56857142857143,2.089373339635824,27.785714285714285,193.52857142857144,-76.44285714285715,-95.45714285714287,31.114285714285717,-19.567742857142857,-20.1897,7,NAVIRE-4584,Malta,General Cargo
685694091,159.01,2.82191424391316,26.23333333333333,302.23333333333335,-75.63333333333334,-91.13333333333333,23.3,57.87539999999999,1.449900000000002,3,NAVIRE-4091,Denmark,Passenger Ship
686208585,159.415,1.6681027146631726,27.625,144.825,-70.7,-76.0,17.975,29.3685,-44.258875,4,NAVIRE-8585,Bahamas,General Cargo
686834541,159.28666666666666,1.196258054657655,33.46666666666667,206.70000000000002,-70.23333333333333,-89.53333333333335,28.23333333333333,-41.627,38.65503333333333,3,NAVIRE-4541,Singapore,Fishing Vessel
687486089,159.566,2.1365228760769246,29.0,204.26,-66.02000000000001,-95.64,24.119999999999997,-10.437180000000001,-16.14342,5,NAVIRE-6089,Marshall Islands,Bulk Carrier
688105049,159.08142857142857,1.419371088092992,21.957142857142856,216.57142857142858,-74.07142857142857,-91.04285714285713,30.285714285714285,-2.3794428571428563,43.3035,7,NAVIRE-5049,Malta,Fishing Vessel
689796314,159.80571428571426,1.7046295505950397,35.68571428571429,271.54285714285714,-68.2,-92.31428571428572,24.24285714285714,5.879814285714285,6.396285714285715,7,NAVIRE-6314,Bahamas,General Cargo
691566561,158.6975,1.149213499166565,28.225,127.25,-60.775,-92.425,20.125,-13.1866,-60.325775,4,NAVIRE-6561,Malta,Tanker
692604640,158.9,2.133151033877655,26.485714285714284,121.25714285714285,-65.41428571428571,-85.64285714285714,28.62857142857143,-24.368214285714284,59.45908571428571,7,NAVIRE-4640,Malta,Passenger Ship
693467838,158.93900000000002,2.1809093414343397,31.080000000000002,267.21,-76.34,-91.16999999999999,30.669999999999998,-11.430509999999998,-33.102560000000004,10,NAVIRE-7838,Singapore,Tanker
694118682,160.09,1.9468264774584665,31.7,245.55,-84.675,-73.825,33.525,-25.791125,26.12735,4,NAVIRE-8682,France,General Cargo
696020593,159.23000000000002,2.108506580497191,27.9,87.425,-67.725,-84.95,32.25,-11.41105,57.48775,4,NAVIRE-0593,Marshall Islands,Container Ship
697499423,160.1,2.1357746447912724,30.299999999999997,336.35,-90.125,-86.15,23.125,59.8605,15.311799999999998,4,NAVIRE-9423,Singapore,General Cargo
697745795,159.815,2.167556227644389,29.875,122.475,-51.375,-111.375,30.6,-0.13337499999999824,68.85510000000001,4,NAVIRE-5795,Bahamas,General Cargo
698666723,158.98666666666668,2.2154081640486285,28.599999999999998,185.20000000000002,-48.96666666666667,-68.76666666666667,21.866666666666664,42.5033,87.32153333333333,3,NAVIRE-6723,USA,Fishing Vessel
699245737,158.89333333333332,1.3415569313301667,34.56666666666667,249.23333333333332,-73.30000000000001,-87.82222222222222,28.599999999999998,-16.674777777777777,21.58874444444444,9,NAVIRE-5737,Singapore,Tanker
699529355,159.39600000000002,2.265574982206504,32.44,181.06,-63.17999999999999,-77.46000000000001,27.78,1.8402,-38.91702,5,NAVIRE-9355,Malta,Bulk Carrier
699922387,159.585,2.4372587060055784,30.78333333333333,274.78333333333336,-64.45,-90.3,32.6,-20.2055,78.9772,6,NAVIRE-2387,Singapore,General Cargo
701852009,159.325,2.1877911234850536,28.45,159.46666666666667,-62.35,-93.0,34.800000000000004,-21.946766666666665,14.784149999999999,6,NAVIRE-2009,Denmark,Fishing Vessel
702708383,159.15,2.5289998022933826,32.61666666666667,340.01666666666665,-68.66666666666667,-95.08333333333333,24.983333333333334,25.326166666666666,-49.02375,6,NAVIRE-8383,Liberia,Bulk Carrier
703637316,158.6,2.1603372752552152,34.875,257.1,-64.7125,-100.55,28.2625,8.537925,64.413925,8,NAVIRE-7316,Denmark,Bulk Carrier
704661953,157.085,0.3606244584051328,25.35,158.3,-62.25,-104.45,23.400000000000002,3.212450000000004,-28.7797,2,NAVIRE-1953,Malta,General Cargo
704843269,159.3725,1.3590096183828697,22.912499999999998,251.775,-63.7375,-79.0375,28.037499999999998,-11.254625,70.0748875,8,NAVIRE-3269,Bahamas,Tanker
705561223,159.53666666666666,1.6018504923993346,31.233333333333334,176.52222222222224,-79.0,-90.86666666666666,31.944444444444443,-9.68851111111111,6.931211111111112,9,NAVIRE-1223,France,Fishing Vessel
706491378,159.0,1.9972981750354646,25.8875,247.65,-67.9625,-93.575,20.5,-1.863100000000001,-35.823825,8,NAVIRE-1378,Panama,Fishing Vessel
707000071,158.435,1.6297341296460852,18.175,194.5,-64.825,-98.52499999999999,17.325,-19.52865,-53.825425,4,NAVIRE-0071,China,Passenger Ship
708338175,158.70499999999998,2.579528380667027,34.6,384.175,-69.125,-97.65,28.8,-1.921125,-76.404175,4,NAVIRE-8175,USA,General Cargo
711942599,158.35,2.340697901623929,21.4,303.15,-70.7,-83.55,21.3,-3.0401999999999982,62.2844,4,NAVIRE-2599,Marshall Islands,Tanker
713738657,158.986,1.5502032124853875,23.580000000000002,189.74,-73.58,-99.38,29.860000000000003,29.043760000000002,40.58638,5,NAVIRE-8657,China,Passenger Ship
714252611,158.94833333333335,1.7655867768723952,34.36666666666667,256.5833333333333,-99.06666666666666,-76.95,26.8,33.365833333333335,-51.90155000000001,6,NAVIRE-2611,Denmark,Fishing Vessel
715406233,157.86666666666667,2.7051124437504104,36.93333333333333,208.0,-83.0,-78.73333333333333,15.333333333333334,20.1126,94.21466666666667,3,NAVIRE-6233,Panama,Passenger Ship
716823280,159.0475,2.0153473645999505,27.85,212.5,-55.05,-101.775,16.35,-1.9951250000000016,-21.3791,4,NAVIRE-3280,China,Container Ship
717151265,160.45999999999998,1.5139022425507085,29.139999999999997,374.68,-66.86,-83.82000000000001,22.919999999999998,-10.074720000000001,-3.719359999999996,5,NAVIRE-1265,Denmark,Bulk Carrier
718413378,157.87,,26.4,323.0,-92.3,-65.7,40.4,-38.3117,-142.3549,1,NAVIRE-3378,Singapore,Tanker
719643596,159.25,0.8343860018001309,24.7,391.6,-62.75,-71.85,24.5,28.74975,-13.932650000000002,2,NAVIRE-3596,Malta,Fishing Vessel
720463075,158.53666666666666,1.6901282002656948,20.666666666666668,217.70000000000002,-58.699999999999996,-101.56666666666666,17.5,21.9973,27.273899999999998,3,NAVIRE-3075,China,Bulk Carrier
720519326,158.644,2.058301349279174,25.28,265.54,-65.67,-84.78,28.080000000000002,2.8421899999999987,-22.692999999999998,10,NAVIRE-9326,France,Container Ship
721604393,160.424,1.1088642838508247,28.580000000000002,221.68,-70.92,-108.14000000000001,14.3,14.39012,58.90336,5,NAVIRE-4393,Denmark,Tanker
722197210,157.928,1.2134949526059025,23.28,321.32,-86.0,-96.36,23.54,-26.78032,-76.87302,5,NAVIRE-7210,France,Fishing Vessel
722440326,159.80599999999998,1.84101330793669,25.619999999999997,251.5,-63.1,-91.9,23.380000000000003,19.91442,-130.76736,5,NAVIRE-0326,Panama,General Cargo
722847112,159.265,3.1607673119038564,30.75,198.70000000000002,-56.3,-83.55000000000001,35.05,-17.1921,83.395,2,NAVIRE-7112,USA,Tanker
722908274,157.872,1.6801101154388642,23.72,260.2,-42.04,-93.1,15.919999999999998,12.816979999999997,14.038880000000006,5,NAVIRE-8274,France,Container Ship
723636831,158.045,0.6961824473512636,34.0,238.86666666666667,-69.63333333333334,-89.81666666666666,25.016666666666666,-16.117366666666666,-0.559066666666664,6,NAVIRE-6831,China,General Cargo
723678138,159.53333333333333,1.5472254737647897,35.18333333333333,245.03333333333333,-43.81666666666666,-95.71666666666665,32.86666666666667,-5.4380999999999995,-11.864366666666664,6,NAVIRE-8138,Malta,Container Ship
723722389,158.53,1.1694015563526405,28.566666666666666,255.19999999999996,-58.53333333333333,-112.16666666666667,35.36666666666667,47.9784,25.274033333333332,3,NAVIRE-2389,Denmark,Container Ship
724448480,157.99,2.0364675298172537,16.5,132.25,-66.25,-78.05000000000001,9.950000000000001,26.606149999999996,2.2832999999999997,2,NAVIRE-8480,France,Fishing Vessel
724638764,159.975,1.2940054095713707,12.45,268.15,-90.44999999999999,-85.55,23.400000000000002,16.5502,-101.75694999999999,2,NAVIRE-8764,France,Passenger Ship
725306361,158.50166666666667,1.486154994159986,23.25,274.40000000000003,-70.35000000000001,-97.66666666666667,26.21666666666667,8.589383333333332,30.62788333333333,6,NAVIRE-6361,Denmark,General Cargo
726467074,160.5925,1.3340258618182796,31.45,301.825,-67.9,-102.7,20.125,10.453525000000003,17.719849999999997,4,NAVIRE-7074,Marshall Islands,Bulk Carrier
727206661,159.78,1.599239402549434,32.58571428571428,247.07142857142858,-55.25714285714286,-98.81428571428572,16.071428571428573,2.5584571428571428,30.725157142857142,7,NAVIRE-6661,USA,Passenger Ship
727417459,160.12333333333333,1.3409822270758653,27.066666666666666,297.9666666666667,-74.93333333333334,-100.36666666666667,40.56666666666667,-0.9340333333333343,50.723833333333324,3,NAVIRE-7459,Liberia,Fishing Vessel
728358748,157.27,1.0717648995931854,33.733333333333334,298.26666666666665,-78.75,-91.31666666666666,27.833333333333332,10.0743,-25.596949999999996,6,NAVIRE-8748,Liberia,Tanker
728594801,159.288,2.1548480224832613,34.22,318.62,-70.34,-89.03999999999999,19.82,-22.110180000000003,-37.685,5,NAVIRE-4801,Malta,Tanker
729794426,160.035,1.583398244283479,28.616666666666664,278.34999999999997,-82.58333333333333,-74.76666666666667,34.31666666666667,-24.30485,-78.41156666666667,6,NAVIRE-4426,Panama,General Cargo
729801011,158.32999999999998,3.2385490578343865,30.8,454.25,-108.85,-84.30000000000001,45.650000000000006,8.3079,64.80785,2,NAVIRE-1011,Malta,Passenger Ship
729834349,158.7975,2.2478934583293824,27.325,198.675,-66.35,-81.175,27.875,-5.941225,40.84185,4,NAVIRE-4349,Liberia,Bulk Carrier
729874439,159.5525,1.5020818885799758,31.2625,231.2,-91.8625,-90.9125,23.3,18.646925,-27.971675,8,NAVIRE-4439,Singapore,Passenger Ship
730358706,158.98666666666665,0.6683911030726446,30.71666666666667,245.7166666666667,-70.18333333333334,-87.53333333333335,27.05,-2.7639833333333343,21.81515,6,NAVIRE-8706,China,Passenger Ship
731337211,158.356,1.7741420461733022,33.67999999999999,344.84000000000003,-66.17999999999999,-95.34,19.54,17.698240000000002,34.55726,5,NAVIRE-7211,Malta,Fishing Vessel
733587569,157.2575,0.7518144717947352,23.55,238.875,-55.400000000000006,-82.45,30.275,0.5855249999999996,26.944899999999997,4,NAVIRE-7569,France,General Cargo
733723778,159.386,1.728577449812416,30.419999999999998,237.11999999999998,-88.6,-100.86,10.260000000000002,2.3280000000000007,-40.30006,5,NAVIRE-3778,Denmark,Container Ship
735319356,159.35166666666666,1.9460464194532126,24.933333333333334,280.28333333333336,-53.98333333333334,-89.56666666666666,23.983333333333334,14.505866666666668,58.602833333333336,6,NAVIRE-9356,USA,Container Ship
735932992,158.35,1.2912784362793308,25.22,334.68,-87.47999999999999,-101.24,23.560000000000002,39.2297,63.43974000000001,5,NAVIRE-2992,USA,Bulk Carrier
737553133,158.48714285714286,2.3353351956818766,28.842857142857138,267.9428571428571,-81.45714285714287,-92.45714285714287,18.514285714285712,-23.40834285714286,-42.10708571428571,7,NAVIRE-3133,Singapore,Tanker
738742479,159.05666666666667,2.4127646659658635,33.63333333333333,40.96666666666667,-37.166666666666664,-109.06666666666666,22.633333333333336,-8.660766666666667,-17.03663333333333,3,NAVIRE-2479,Singapore,Passenger Ship
738790875,160.36875,1.4364284826312426,30.875,303.4625,-57.5375,-85.225,18.2625,-18.1887375,27.224999999999998,8,NAVIRE-0875,USA,Bulk Carrier
738849774,159.4,1.2079735096433202,27.866666666666664,270.5,-82.01666666666667,-98.68333333333334,24.883333333333336,-39.10508333333333,-19.394499999999994,6,NAVIRE-9774,Bahamas,Passenger Ship
739418888,158.908,1.4774538909894925,25.259999999999998,304.71999999999997,-46.14,-95.97999999999999,30.24,-30.28336,-16.82278,5,NAVIRE-8888,Bahamas,Fishing Vessel
742245762,158.46142857142857,1.7253543459381306,36.75714285714286,268.9714285714286,-67.88571428571429,-81.81428571428572,25.785714285714285,13.404542857142859,-13.0196,7,NAVIRE-5762,Marshall Islands,General Cargo
742854816,158.5188888888889,1.6050657653539004,29.688888888888886,290.5111111111112,-75.3111111111111,-83.75555555555555,27.477777777777778,-1.2459111111111103,40.4184,9,NAVIRE-4816,Denmark,Fishing Vessel
743162389,159.89,1.8513508581573659,28.2,109.3,-98.83333333333333,-108.63333333333333,40.3,-5.544133333333331,18.5029,3,NAVIRE-2389,Liberia,Container Ship
744192701,158.76,1.3756634762906164,29.160000000000004,274.28000000000003,-87.46000000000001,-87.97999999999999,37.1,-25.83216,77.22092,5,NAVIRE-2701,Panama,Bulk Carrier
744527202,158.12857142857143,1.965658740909596,26.485714285714284,291.04285714285714,-75.41428571428571,-96.31428571428572,31.428571428571427,-19.57987142857143,51.17901428571429,7,NAVIRE-7202,China,General Cargo
744844875,157.9075,0.6890270918718128,27.775,210.375,-91.675,-69.95,22.275,-40.2154,10.354849999999999,4,NAVIRE-4875,Singapore,Container Ship
746255510,158.55,1.7963713424567898,32.54,241.45999999999998,-36.980000000000004,-91.42,21.919999999999998,-16.964840000000002,-82.33254,5,NAVIRE-5510,France,Passenger Ship
747743383,159.0775,1.5983272505966852,28.7625,215.225,-77.2375,-90.025,28.5625,-20.5597875,-31.582362500000002,8,NAVIRE-3383,Liberia,Container Ship
748359141,158.585,2.62531902823258,36.525,227.525,-86.6,-88.325,28.0,16.133274999999998,-27.777449999999998,4,NAVIRE-9141,Bahamas,Fishing Vessel
748905485,160.226,2.099518992531389,21.68,179.88,-52.71999999999999,-91.1,25.04,14.418220000000002,-20.464240000000004,5,NAVIRE-5485,Liberia,Passenger Ship
749313033,159.96833333333333,1.1617472473247714,23.48333333333333,359.59999999999997,-82.05,-87.11666666666667,19.583333333333332,-4.273566666666664,-8.85046666666667,6,NAVIRE-3033,Malta,Container Ship
749434747,158.292,0.9225345521984473,29.96,243.28000000000003,-51.36,-85.26,33.12,-8.4418,19.03926,5,NAVIRE-4747,France,Container Ship
749937520,159.575,2.745135090786363,28.799999999999997,325.65,-88.725,-85.925,34.25,-1.257399999999997,29.153475,4,NAVIRE-7520,France,Container Ship
750400300,158.666,1.7573645040229997,28.0,337.34000000000003,-85.56,-102.24,22.18,-15.630499999999998,16.77774,5,NAVIRE-0300,France,Bulk Carrier
750747879,158.8125,1.7566912892464388,38.725,302.6375,-72.7375,-93.275,25.6125,36.8971875,4.9935,8,NAVIRE-7879,Singapore,General Cargo
750940589,157.565,1.039446968344234,16.6,115.64999999999999,-56.65,-75.85,31.65,-42.07205,12.480249999999998,2,NAVIRE-0589,Panama,General Cargo
752014060,159.01555555555555,1.4243517043826575,30.54444444444444,243.45555555555555,-71.73333333333333,-86.74444444444445,25.87777777777778,-32.474355555555555,-6.969522222222221,9,NAVIRE-4060,Panama,Bulk Carrier
752289007,159.298,1.8127106774110506,30.560000000000002,219.94,-45.660000000000004,-100.3,13.540000000000001,27.82656,47.2389,5,NAVIRE-9007,Singapore,Fishing Vessel
753345065,160.4875,0.6309978869483825,30.400000000000002,323.1,-74.45,-102.30000000000001,24.6,-22.867325000000005,6.1106500000000015,4,NAVIRE-5065,China,Passenger Ship
753582834,157.935,1.6011766506749534,27.875,194.25,-50.875,-97.975,20.575,-9.1265,28.0791,4,NAVIRE-2834,Bahamas,Tanker
753673738,159.994,1.731279873388468,33.86,287.76,-102.97999999999999,-93.67999999999999,30.839999999999996,-33.20076,64.48375999999999,5,NAVIRE-3738,Bahamas,Fishing Vessel
754313150,159.625,1.4437001073630262,22.416666666666668,206.95000000000002,-52.800000000000004,-82.98333333333333,22.45,-38.16636666666667,-8.941283333333336,6,NAVIRE-3150,Bahamas,Tanker
754816502,158.02,2.1642088623790383,25.866666666666664,216.35,-33.11666666666667,-97.16666666666667,25.183333333333334,5.749533333333335,3.2567333333333344,6,NAVIRE-6502,Denmark,Bulk Carrier
754922447,158.2275,1.4401066428765434,33.075,145.2375,-73.5875,-86.15,24.725,19.06905,2.9278375000000043,8,NAVIRE-2447,Bahamas,Bulk Carrier
755635261,159.37166666666667,1.282332510180831,28.416666666666668,320.75,-60.23333333333333,-92.48333333333333,28.866666666666664,-7.181666666666669,-84.3566,6,NAVIRE-5261,Malta,Fishing Vessel
755940023,158.37,2.139781920352323,25.6,293.45,-86.1,-91.225,28.174999999999997,43.235675,-78.5411,4,NAVIRE-0023,China,Tanker
756035927,159.45,1.8452100151473243,33.339999999999996,290.36,-80.32000000000001,-86.5,31.9,38.74772,-17.966379999999997,5,NAVIRE-5927,Malta,General Cargo
758310772,158.79,2.0387839512807635,37.833333333333336,277.55,-58.083333333333336,-87.7,18.466666666666665,15.125166666666667,1.895983333333336,6,NAVIRE-0772,Panama,Tanker
759217626,158.9157142857143,1.7615036866538887,24.12857142857143,231.27142857142857,-61.028571428571425,-94.57142857142857,23.2,11.409342857142859,-32.47248571428571,7,NAVIRE-7626,Liberia,General Cargo
760132103,157.98666666666665,1.8111138377620948,34.5,296.3,-69.0,-96.60000000000001,33.96666666666667,-0.0948000000000017,32.36976666666666,3,NAVIRE-2103,USA,Container Ship
760384526,158.23833333333334,1.4998322128380435,30.25,257.48333333333335,-74.95,-97.14999999999999,14.316666666666665,-1.6408000000000011,-45.95138333333333,6,NAVIRE-4526,Singapore,Passenger Ship
761368866,158.87333333333333,1.7851461191360867,17.883333333333333,289.84999999999997,-56.68333333333334,-87.41666666666667,27.45,7.055683333333334,24.384,6,NAVIRE-8866,Malta,Container Ship
761439274,160.1,,13.8,61.3,-84.6,-111.8,38.7,6.11,-157.4721,1,NAVIRE-9274,Singapore,Tanker
761838030,159.324,1.7027125417991134,32.38,297.91999999999996,-55.46,-105.92,29.360000000000003,-13.18832,18.52672,5,NAVIRE-8030,France,Bulk Carrier
762178422,159.62,1.5048089579744022,31.18,204.14,-66.24,-84.88,15.84,21.04122,0.13232,5,NAVIRE-8422,China,Tanker
763146211,158.44,1.905452702115691,29.82,384.65999999999997,-68.97999999999999,-95.76,18.619999999999997,-8.68648,6.296800000000001,5,NAVIRE-6211,China,Fishing Vessel
763169399,158.9177777777778,1.5904384440915813,24.655555555555555,222.72222222222223,-58.05555555555556,-97.1888888888889,29.11111111111111,-8.3893,-21.05265555555555,9,NAVIRE-9399,Liberia,Passenger Ship
763605056,158.78199999999998,2.6143966799244485,35.22,351.78000000000003,-51.82000000000001,-85.66,22.1,-8.644440000000001,60.64982,5,NAVIRE-5056,Panama,Fishing Vessel
763846551,159.7942857142857,1.8957395842859135,29.314285714285713,154.34285714285716,-60.01428571428572,-91.65714285714286,24.728571428571428,11.684728571428574,-37.96432857142857,7,NAVIRE-6551,Marshall Islands,Passenger Ship
763973816,159.626,0.7585051087500928,34.44,282.04,-66.2,-70.44,29.78,9.49254,-39.49498,5,NAVIRE-3816,China,Bulk Carrier
764353680,158.4575,2.409652464568278,22.325,100.07499999999999,-61.625,-87.575,34.95,41.583625,-13.179875000000003,4,NAVIRE-3680,USA,Container Ship
764633816,158.83142857142857,1.5304185546382296,37.74285714285714,244.92857142857142,-83.89999999999999,-88.84285714285714,28.014285714285712,9.164685714285715,10.202757142857147,7,NAVIRE-3816,Singapore,General Cargo
764776555,161.19,0.7353910524340239,31.05,155.25,-74.3,-73.0,23.65,70.31915,-102.26689999999999,2,NAVIRE-6555,USA,Passenger Ship
765262794,158.24833333333333,1.4717801013285532,23.05,252.93333333333337,-54.25,-77.53333333333333,31.53333333333333,16.667266666666666,53.327949999999994,6,NAVIRE-2794,Malta,Passenger Ship
766040528,158.71428571428572,1.9894459625974408,27.514285714285712,210.84285714285716,-75.94285714285715,-98.38571428571429,32.785714285714285,8.043885714285715,-33.45122857142858,7,NAVIRE-0528,Bahamas,Tanker
766133415,158.114,1.8760810217045463,26.119999999999997,219.56,-76.12,-105.46,20.64,-28.851779999999998,31.589859999999998,5,NAVIRE-3415,France,Passenger Ship
766277551,160.126,1.1022386311502663,40.46,152.6,-69.6,-102.28,27.880000000000003,-36.928700000000006,38.35115999999999,5,NAVIRE-7551,Marshall Islands,Fishing Vessel
767793733,158.68,0.8818163074019506,35.1,286.4,-83.025,-79.875,19.5,19.317725,-17.686725000000003,4,NAVIRE-3733,France,Passenger Ship
767801946,159.58499999999998,1.8930486875231876,25.275,196.875,-86.175,-83.825,20.975,10.490575,134.387575,4,NAVIRE-1946,Denmark,Fishing Vessel
767955728,159.4175,2.525330011437457,35.65,201.65,-66.525,-93.375,24.075,0.9689500000000013,-14.330675000000003,4,NAVIRE-5728,Liberia,General Cargo
768075179,159.15166666666667,1.8370347483558012,34.18333333333333,225.9333333333333,-71.41666666666667,-87.98333333333333,30.05,-7.601366666666667,39.33710000000001,6,NAVIRE-5179,Malta,Tanker
768349235,159.86,0.6317436188834896,31.333333333333332,337.1666666666667,-53.300000000000004,-78.0,26.133333333333336,-6.976799999999997,-4.925899999999994,3,NAVIRE-9235,Bahamas,Bulk Carrier
768467727,159.274,2.0047269140708424,18.220000000000002,326.34000000000003,-63.44,-95.22,31.2,6.90258,31.11008,5,NAVIRE-7727,Marshall Islands,Passenger Ship
769565144,158.815,1.3505739520663134,22.6,287.3,-68.85,-99.4,15.850000000000001,45.05515,58.08709999999999,2,NAVIRE-5144,Panama,General Cargo
771069098,160.202,1.2097809719118613,30.98,216.5,-74.67999999999999,-96.02000000000001,26.18,-1.6995400000000018,44.86432,5,NAVIRE-9098,Singapore,Container Ship
771150112,160.1942857142857,1.9569862641560094,28.5,320.8142857142857,-67.27142857142857,-82.38571428571429,14.071428571428571,-8.547242857142857,-7.697228571428572,7,NAVIRE-0112,Liberia,Fishing Vessel
771305759,158.39142857142858,1.7248538718166473,36.221428571428575,201.04999999999998,-74.01428571428572,-89.39999999999999,24.32857142857143,-1.0096714285714283,35.464464285714286,14,NAVIRE-5759,Denmark,Container Ship
771937775,157.30499999999998,1.0809764104734216,26.583333333333332,127.18333333333334,-74.64999999999999,-90.01666666666667,20.733333333333334,2.8014666666666663,35.42241666666667,6,NAVIRE-7775,Malta,Fishing Vessel
772043340,159.88714285714286,1.831736100768115,26.17142857142857,182.74285714285716,-55.75714285714286,-92.98571428571428,19.62857142857143,-5.7791000000000015,68.33885714285714,7,NAVIRE-3340,Malta,Tanker
772134211,158.285,1.7995416082991835,32.43333333333333,411.4666666666667,-85.88333333333334,-73.43333333333334,30.46666666666667,17.54518333333333,61.5881,6,NAVIRE-4211,France,Tanker
772687223,158.68599999999998,1.8123962039245238,26.080000000000002,250.24,-51.56,-91.72,35.28,-64.59474,-3.9013800000000005,5,NAVIRE-7223,China,Tanker
773465268,158.14249999999998,1.5150880062447434,28.8,209.8,-46.125,-94.4,36.775,-29.9575,15.8113,4,NAVIRE-5268,Marshall Islands,Tanker
773610320,157.74200000000002,1.7060539264630479,22.04,215.1,-52.260000000000005,-88.64,25.839999999999996,-7.4075200000000025,6.327039999999999,5,NAVIRE-0320,France,Container Ship
774339038,158.01749999999998,1.0886497753333382,32.224999999999994,198.075,-78.55,-90.025,6.475,-9.9739,42.665125,4,NAVIRE-9038,Bahamas,Tanker
775231305,158.125,0.1626345596729188,34.65,257.65,-39.85,-84.0,41.2,0.29879999999999995,103.02414999999999,2,NAVIRE-1305,Liberia,Passenger Ship
775404149,159.46428571428572,2.0499663179579075,35.22857142857143,251.18571428571428,-62.357142857142854,-90.10000000000001,31.771428571428572,7.756142857142858,-49.98775714285715,7,NAVIRE-4149,Liberia,Fishing Vessel
775416352,161.1,0.2783882181415159,37.86666666666667,375.06666666666666,-100.66666666666667,-94.16666666666667,20.733333333333334,-15.150033333333333,97.5175,3,NAVIRE-6352,Singapore,General Cargo
775929575,159.1725,1.626536636098748,32.45,277.3875,-79.7625,-82.75,29.425,-1.604162500000001,-16.270750000000003,8,NAVIRE-9575,Panama,Container Ship
776350480,159.99,0.9610931276416513,31.066666666666666,280.2,-74.7,-84.66666666666667,32.800000000000004,26.5788,-19.50483333333333,3,NAVIRE-0480,France,General Cargo
777022296,158.83416666666668,1.7909289531278259,30.349999999999998,321.3833333333333,-53.96666666666667,-91.95,26.075000000000003,15.206291666666667,-13.244341666666664,12,NAVIRE-2296,Liberia,Tanker
777450460,160.54,1.206109447769994,35.03333333333333,187.13333333333333,-54.06666666666666,-77.66666666666667,30.53333333333333,10.592633333333334,-58.18113333333333,3,NAVIRE-0460,Panama,Container Ship
777666051,159.41,1.996806541364576,33.69166666666667,223.03333333333333,-59.55833333333334,-91.72500000000001,18.791666666666668,12.218075000000004,-2.912199999999999,12,NAVIRE-6051,China,Passenger Ship
778196639,157.075,1.308147545195119,37.150000000000006,360.1,-41.55,-103.85,26.15,-32.893100000000004,-62.963,2,NAVIRE-6639,France,Passenger Ship
778281235,157.95,0.48083261120682697,36.8,260.05,-86.05,-97.15,27.0,12.57165,82.18905,2,NAVIRE-1235,Singapore,General Cargo
778418171,160.12,2.3051681066681384,18.4,418.8,-36.7,-93.7,37.400000000000006,48.767700000000005,-93.13964999999999,2,NAVIRE-8171,Marshall Islands,Container Ship
778903980,158.72333333333333,2.59249558019551,36.699999999999996,237.9333333333333,-79.60000000000001,-90.10000000000001,28.066666666666666,57.7703,23.051933333333334,3,NAVIRE-3980,France,Fishing Vessel
779191453,158.91,1.9108636790728835,26.95,225.65,-60.95,-88.425,30.525,-37.4337,63.253550000000004,4,NAVIRE-1453,Bahamas,Bulk Carrier
779676678,158.996,1.9733043353725308,28.139999999999997,272.18,-69.88,-84.08,19.36,-7.626059999999998,-30.846300000000003,5,NAVIRE-6678,Singapore,Fishing Vessel
779719852,161.3,,29.4,364.3,-80.3,-82.6,20.3,11.5732,-46.1876,1,NAVIRE-9852,Denmark,General Cargo
780410570,158.24,2.392279247914007,32.7,208.24,-67.12,-98.9,26.560000000000002,-32.333600000000004,-4.92722,5,NAVIRE-0570,USA,Bulk Carrier
780476855,159.79000000000002,1.9394071259021448,21.6,235.3,-76.88,-84.1,11.559999999999999,44.48204,29.86416,5,NAVIRE-6855,Panama,Tanker
780543548,158.60375,1.7554562898899717,29.05,196.4375,-68.0,-96.675,20.4,18.8068375,-22.749750000000002,8,NAVIRE-3548,USA,Container Ship
780611688,158.1575,2.2951016680458096,21.325,188.79999999999998,-70.05,-89.975,22.15,1.2160250000000001,-8.379650000000005,4,NAVIRE-1688,Singapore,Passenger Ship
780860305,159.856,1.3834485895760644,26.76,233.56,-81.72,-84.28,30.82,-5.425020000000001,20.757600000000004,5,NAVIRE-0305,Panama,Container Ship
780872220,158.478,1.5432174182531677,29.860000000000003,314.58000000000004,-52.739999999999995,-84.96000000000001,26.78,5.803599999999999,-110.24096,5,NAVIRE-2220,China,Container Ship
780970320,158.42000000000002,2.0683165457282726,26.76,262.46,-73.1,-86.75,24.35,-8.10524,14.979230000000001,10,NAVIRE-0320,Singapore,Container Ship
781122679,158.7225,1.7479392628654655,38.575,308.125,-63.9,-93.9,16.775,-23.465975,55.199574999999996,4,NAVIRE-2679,Marshall Islands,Passenger Ship
782140749,158.585,1.5494192460402543,34.650000000000006,351.725,-57.475,-81.7,28.6,39.345425,-20.8498,4,NAVIRE-0749,Marshall Islands,Container Ship
782576379,158.54,1.8644436167393184,27.71111111111111,255.0,-77.86666666666666,-96.1888888888889,31.011111111111113,-4.4630333333333345,38.36813333333333,9,NAVIRE-6379,Panama,Container Ship
782905490,159.68,1.7122110461817155,27.05,214.8,-39.425,-77.05,18.425,-14.349725,42.589749999999995,4,NAVIRE-5490,France,Passenger Ship
782964567,159.65166666666667,1.566095995354902,33.6,241.28333333333333,-66.73333333333333,-89.58333333333333,19.166666666666668,-23.2463,2.14105,6,NAVIRE-4567,China,General Cargo
783109193,159.89,1.9194009482127443,29.633333333333336,164.63333333333333,-91.39999999999999,-107.86666666666667,29.066666666666666,-22.132433333333335,-22.33406666666667,3,NAVIRE-9193,Denmark,General Cargo
783480433,158.7775,1.5339790307128305,25.5,187.075,-53.7,-82.7,29.975,-43.751525,-39.48735,4,NAVIRE-0433,Malta,Container Ship
783771062,161.37,,33.8,358.2,-31.4,-65.8,3.5,-72.1286,5.2763,1,NAVIRE-1062,Liberia,Container Ship
784062106,159.23250000000002,1.8678218151990167,29.625,309.75,-77.8,-80.05,33.25,41.83215,59.233050000000006,4,NAVIRE-2106,Malta,Passenger Ship
784993050,158.2775,1.345173470845547,25.224999999999998,203.45,-71.2,-87.425,34.775,10.689775000000001,-29.458275000000004,4,NAVIRE-3050,Denmark,Passenger Ship
786527370,158.96222222222224,1.5125208905811618,36.24444444444444,276.72222222222223,-61.72222222222222,-95.58888888888889,23.211111111111112,-5.648177777777778,11.694833333333335,9,NAVIRE-7370,Singapore,General Cargo
786592775,157.544,1.16072391204799,27.639999999999997,373.26,-73.03999999999999,-95.82000000000001,31.860000000000003,20.60696,-38.112559999999995,5,NAVIRE-2775,Malta,Tanker
787276961,159.01,1.123358061053251,24.475,220.75,-77.225,-92.35,23.7,0.18795000000000073,-61.835425,4,NAVIRE-6961,Panama,Passenger Ship
787632236,159.33333333333334,2.319403658989383,24.533333333333335,259.40000000000003,-53.26666666666667,-93.3,26.5,32.74743333333333,68.00173333333333,3,NAVIRE-2236,Panama,Container Ship
787790467,157.5375,1.0037388438566446,25.05,245.92499999999998,-59.075,-100.6,30.9,59.9923,19.67875,4,NAVIRE-0467,Malta,Passenger Ship
788222557,159.715,2.506584661779179,40.35,292.25,-86.1,-97.275,27.2,8.586500000000001,-69.698975,4,NAVIRE-2557,USA,Bulk Carrier
789472539,159.54666666666665,2.951276559953906,36.833333333333336,290.56666666666666,-82.89999999999999,-92.60000000000001,11.366666666666667,-45.269133333333336,-54.425033333333324,3,NAVIRE-2539,Bahamas,Container Ship
789983559,159.48666666666665,1.6800099206056256,24.5,183.1,-41.1,-86.36666666666667,30.133333333333336,4.0478999999999985,-92.7121,3,NAVIRE-3559,Singapore,Container Ship
790078615,159.3075,1.517264534175464,20.225,152.85,-50.675,-94.3,13.075,-23.551125000000003,-38.130375,4,NAVIRE-8615,Liberia,Container Ship
790918169,158.14333333333335,0.9596527149616921,38.333333333333336,299.1333333333334,-47.06666666666666,-96.26666666666667,12.666666666666666,23.39773333333333,98.83906666666667,3,NAVIRE-8169,Malta,Container Ship
791982495,159.0257142857143,2.163244917116078,36.91428571428571,306.2714285714286,-83.64285714285714,-94.8,29.5,-14.568014285714286,-32.13188571428572,7,NAVIRE-2495,China,General Cargo
792163190,158.39875,2.117906226846295,24.5375,234.2,-62.525,-81.8875,24.375,16.6288375,11.9953375,8,NAVIRE-3190,Bahamas,Fishing Vessel
792191610,159.10999999999999,2.156014842249474,29.639999999999997,298.04,-83.52,-89.32000000000001,25.0,-40.207080000000005,37.4837,5,NAVIRE-1610,China,Fishing Vessel
792400356,157.95833333333334,1.6083956810022337,21.933333333333334,320.53333333333336,-63.38333333333333,-91.25,31.483333333333334,-3.0539000000000005,-81.44598333333333,6,NAVIRE-0356,Panama,Container Ship
792401778,158.18400000000003,1.6079427850517471,21.04,187.5,-78.24,-87.25999999999999,24.52,23.472319999999996,39.31372,5,NAVIRE-1778,Liberia,General Cargo
792478979,158.14333333333335,1.7887723909616484,24.8,208.58333333333334,-73.83333333333333,-87.71666666666665,29.116666666666664,1.6366499999999984,25.924599999999995,6,NAVIRE-8979,China,Container Ship
792597146,158.638,2.238675947965681,30.080000000000002,308.4,-42.339999999999996,-97.86,10.4,-10.33288,-53.44954,5,NAVIRE-7146,Bahamas,Passenger Ship
793562464,158.366,1.5645862072765617,31.28,240.32,-62.339999999999996,-91.2,27.119999999999997,23.17526,-37.609080000000006,5,NAVIRE-2464,Malta,Passenger Ship
794030443,159.4325,1.6982809936324819,27.474999999999998,182.725,-51.025,-90.9,28.8,9.286825000000002,-2.6573749999999983,4,NAVIRE-0443,Singapore,Bulk Carrier
794556784,160.16199999999998,2.2049648523275884,33.64,225.8,-68.2,-86.5,24.96,7.297060000000002,32.127579999999995,5,NAVIRE-6784,Panama,Tanker
794690449,156.99666666666667,0.7768097150096208,16.0,221.73333333333335,-76.60000000000001,-102.89999999999999,28.23333333333333,27.409900000000004,11.302333333333335,3,NAVIRE-0449,Liberia,Fishing Vessel
795339740,159.44625,1.7996502636425054,36.775,218.0625,-58.3375,-92.2625,32.9125,15.148637500000003,17.686799999999998,8,NAVIRE-9740,Marshall Islands,General Cargo
795801450,159.15,0.3535533905932738,39.85,309.7,-105.5,-88.05,42.2,-15.068200000000001,84.06555,2,NAVIRE-1450,Panama,Tanker
796002514,159.59,1.379456414679351,27.014285714285716,216.25714285714284,-71.61428571428571,-101.92857142857143,23.185714285714287,30.112642857142855,-51.8498,7,NAVIRE-2514,Malta,General Cargo
796664560,159.35399999999998,1.5710919769383251,28.3,173.76,-72.8,-92.26,10.14,-20.25392,4.680600000000004,5,NAVIRE-4560,France,Container Ship
796671313,160.22,1.086692228738203,30.0,125.76666666666667,-107.03333333333335,-100.7,25.2,-12.782133333333334,13.979233333333335,3,NAVIRE-1313,USA,Container Ship
797047520,159.55,1.9484238644492957,36.04,237.78000000000003,-71.56,-87.37,21.59,13.33312,-28.43004,10,NAVIRE-7520,Marshall Islands,Bulk Carrier
798437882,158.305,1.7505627666553445,41.583333333333336,353.81666666666666,-80.2,-87.81666666666666,28.333333333333332,-14.19401666666667,-61.06006666666667,6,NAVIRE-7882,China,Bulk Carrier
798578134,160.86,,10.3,271.2,-57.6,-61.4,40.2,44.7678,34.2038,1,NAVIRE-8134,Malta,Tanker
